document_id,project_id,type,title,created_date,version,status,link
61336c44,PRJ-046,Invoice,Remember mother music wide,2024-11-27,v5.0,Under Review,https://sharepoint.company.com/docs/tuTSGC.pdf
0e3cd23f,PRJ-050,Contract Agreement,Line debate range start respond,2023-09-04,v3.0,Draft,https://sharepoint.company.com/docs/yJxMmg.pdf
22e234bf,PRJ-009,NOC (No Objection Certificate),Campaign prevent alone subject,2024-08-22,v1.0,Approved,https://sharepoint.company.com/docs/TfqYqo.pdf
03e5cd74,PRJ-016,Contract Agreement,Bank two green opportunity,2024-02-07,v2.0,Approved,https://sharepoint.company.com/docs/MytwTD.pdf
36aa227d,PRJ-049,Blueprint / Schematic,Organization partner,2024-11-09,v2.0,Approved,https://sharepoint.company.com/docs/EgZhRx.pdf
e31d2e24,PRJ-024,NOC (No Objection Certificate),Size usually clearly,2025-11-18,v4.0,Approved,https://sharepoint.company.com/docs/BNDbfb.pdf
a21821b2,PRJ-049,NDA,Difficult feeling outside,2023-09-23,v3.0,Approved,https://sharepoint.company.com/docs/xVTISw.pdf
119e23e6,PRJ-050,Meeting Minutes,Model begin usually memory approach,2025-09-07,v3.0,Under Review,https://sharepoint.company.com/docs/TZihxK.pdf
41500063,PRJ-040,Safety Report,Lead within detail,2025-09-04,v1.0,Obsolete,https://sharepoint.company.com/docs/iFsLcn.pdf
2fabe638,PRJ-004,Invoice,That focus news,2024-09-03,v3.0,Under Review,https://sharepoint.company.com/docs/CasCnR.pdf
f119dcd9,PRJ-014,Safety Report,Despite how leg least rich,2025-02-17,v1.0,Draft,https://sharepoint.company.com/docs/FqaDbo.pdf
ff7e0cbe,PRJ-037,Blueprint / Schematic,I about whom help,2025-11-23,v3.0,Obsolete,https://sharepoint.company.com/docs/TikJjh.pdf
89ec92dc,PRJ-019,Invoice,Building stock defense,2025-11-29,v1.0,Approved,https://sharepoint.company.com/docs/GAIkEJ.pdf
6d39b326,PRJ-027,NDA,Remain democratic deal,2023-10-15,v2.0,Under Review,https://sharepoint.company.com/docs/atUXxP.pdf
91e64a90,PRJ-005,Contract Agreement,Production already I,2025-07-15,v3.0,Draft,https://sharepoint.company.com/docs/QzcrIw.pdf
409b9de5,PRJ-016,NOC (No Objection Certificate),Day future specific,2024-08-02,v5.0,Draft,https://sharepoint.company.com/docs/rLJfhH.pdf
6ed8e449,PRJ-012,Inspection Request,Better whom consider ahead,2025-05-22,v3.0,Obsolete,https://sharepoint.company.com/docs/yVpDJR.pdf
04dbae9f,PRJ-006,Blueprint / Schematic,Next rise different,2025-04-07,v4.0,Under Review,https://sharepoint.company.com/docs/yqOHgf.pdf
945285ec,PRJ-005,Safety Report,Understand scene star southern,2025-12-22,v4.0,Obsolete,https://sharepoint.company.com/docs/TxKqke.pdf
c134618f,PRJ-035,Blueprint / Schematic,Tv decade table,2025-04-29,v2.0,Approved,https://sharepoint.company.com/docs/mSzvKF.pdf
6d7bc369,PRJ-044,MOU,Manage maintain nothing guess next,2025-05-07,v3.0,Approved,https://sharepoint.company.com/docs/enXtfF.pdf
95b70a31,PRJ-048,MOU,Detail sport new whether,2025-10-07,v3.0,Obsolete,https://sharepoint.company.com/docs/PIZtlB.pdf
3352eb6c,PRJ-004,Blueprint / Schematic,Parent quickly majority image guy,2025-04-06,v2.0,Approved,https://sharepoint.company.com/docs/bcgefo.pdf
86939b96,PRJ-050,Safety Report,Film contain,2025-12-07,v5.0,Under Review,https://sharepoint.company.com/docs/mAqFNk.pdf
9a8caa40,PRJ-046,Inspection Request,Beautiful tell,2024-02-16,v4.0,Draft,https://sharepoint.company.com/docs/HzgZyX.pdf
d3552ef4,PRJ-006,Meeting Minutes,Region affect stuff wonder,2026-01-16,v1.0,Draft,https://sharepoint.company.com/docs/QMKfvE.pdf
06d9d2cf,PRJ-042,MOU,Lawyer voice herself program,2025-09-10,v2.0,Under Review,https://sharepoint.company.com/docs/yClcLR.pdf
2e64ca5d,PRJ-046,Safety Report,Leader it difference,2024-10-22,v1.0,Under Review,https://sharepoint.company.com/docs/ldxGZy.pdf
2881dc4f,PRJ-016,Variation Order,Treat per light,2025-04-20,v3.0,Obsolete,https://sharepoint.company.com/docs/QWPxxR.pdf
c4aa1dff,PRJ-041,Blueprint / Schematic,Level budget race final,2025-01-14,v4.0,Draft,https://sharepoint.company.com/docs/NgDRFn.pdf
d63183b3,PRJ-017,Meeting Minutes,Above whom interest future,2024-08-22,v5.0,Approved,https://sharepoint.company.com/docs/GJSIPR.pdf
ed8aad7e,PRJ-039,Contract Agreement,Gas painting customer get her,2025-09-13,v5.0,Approved,https://sharepoint.company.com/docs/ELsnSm.pdf
e23ab145,PRJ-035,NOC (No Objection Certificate),Anything him character how,2025-10-27,v5.0,Obsolete,https://sharepoint.company.com/docs/FQBZWw.pdf
438adf44,PRJ-011,Contract Agreement,Million pretty hold people,2025-07-02,v1.0,Obsolete,https://sharepoint.company.com/docs/LOqCVf.pdf
cf245b69,PRJ-006,Meeting Minutes,Every kitchen education,2025-07-17,v4.0,Draft,https://sharepoint.company.com/docs/uPcTOi.pdf
3dc84bf1,PRJ-017,MOU,Manager over accept right,2024-03-31,v1.0,Approved,https://sharepoint.company.com/docs/RVHNzu.pdf
553029b3,PRJ-015,MOU,Down source,2025-06-07,v2.0,Draft,https://sharepoint.company.com/docs/wrJcXE.pdf
88376d40,PRJ-029,NOC (No Objection Certificate),Cup move understand,2026-01-26,v4.0,Draft,https://sharepoint.company.com/docs/LmlUMh.pdf
4d8dba8d,PRJ-050,Safety Report,Amount try specific ahead determine,2024-05-23,v1.0,Draft,https://sharepoint.company.com/docs/ndZrfw.pdf
37ea98bf,PRJ-008,Contract Agreement,Specific religious stuff,2024-09-13,v4.0,Approved,https://sharepoint.company.com/docs/ugcZVj.pdf
de8dace1,PRJ-027,MOU,Later ok deal through under,2024-02-05,v5.0,Draft,https://sharepoint.company.com/docs/DrPBrS.pdf
098f4aeb,PRJ-003,Contract Agreement,Despite tax carry,2023-07-31,v5.0,Draft,https://sharepoint.company.com/docs/FmYKNE.pdf
2589f9f3,PRJ-047,Blueprint / Schematic,Remember serious,2025-09-18,v4.0,Approved,https://sharepoint.company.com/docs/sedfbl.pdf
7ba1df41,PRJ-017,NDA,Body them foreign hot with,2024-08-24,v2.0,Under Review,https://sharepoint.company.com/docs/qLDEKO.pdf
feefb219,PRJ-030,Blueprint / Schematic,Tell against beautiful,2025-12-20,v1.0,Obsolete,https://sharepoint.company.com/docs/qnuCPx.pdf
8731e258,PRJ-030,Blueprint / Schematic,Decision game watch treat protect,2025-10-03,v2.0,Under Review,https://sharepoint.company.com/docs/XPRlAc.pdf
b9e83055,PRJ-031,NOC (No Objection Certificate),Team like item like,2025-06-07,v1.0,Obsolete,https://sharepoint.company.com/docs/EfOSIR.pdf
2ead6714,PRJ-001,Invoice,Third human believe,2025-10-07,v2.0,Draft,https://sharepoint.company.com/docs/nKhimF.pdf
a50504a2,PRJ-041,Inspection Request,Minute father public record whom,2025-01-28,v1.0,Draft,https://sharepoint.company.com/docs/pFAGCa.pdf
c74bdef2,PRJ-025,Variation Order,Majority at,2025-10-25,v4.0,Draft,https://sharepoint.company.com/docs/cOZWzP.pdf
d1945931,PRJ-030,Invoice,Environment many whole month,2025-11-09,v1.0,Under Review,https://sharepoint.company.com/docs/WIRPtC.pdf
f80f6a81,PRJ-003,Inspection Request,South direction military,2023-09-22,v3.0,Draft,https://sharepoint.company.com/docs/XwDnBv.pdf
01da6805,PRJ-032,Variation Order,There per look,2025-12-16,v1.0,Under Review,https://sharepoint.company.com/docs/GdNamh.pdf
818c7f71,PRJ-011,Inspection Request,Social skill sound,2025-09-30,v5.0,Approved,https://sharepoint.company.com/docs/qpVfBF.pdf
9fc9eda8,PRJ-036,Safety Report,Stock way yes thousand,2024-01-12,v3.0,Under Review,https://sharepoint.company.com/docs/JJQKuV.pdf
feefe7f1,PRJ-042,MOU,Will almost phone,2025-11-20,v5.0,Draft,https://sharepoint.company.com/docs/xBaTvj.pdf
0dd884f1,PRJ-032,Inspection Request,Sea city street,2025-06-15,v2.0,Approved,https://sharepoint.company.com/docs/PciMMQ.pdf
380cc558,PRJ-040,NOC (No Objection Certificate),Where state,2025-09-29,v3.0,Draft,https://sharepoint.company.com/docs/kpwzwq.pdf
70aec6f1,PRJ-023,Variation Order,Poor bring good source success,2025-08-18,v3.0,Under Review,https://sharepoint.company.com/docs/ZlRDnk.pdf
f984e1f8,PRJ-038,NOC (No Objection Certificate),Participant Democrat next TV above,2025-06-11,v4.0,Under Review,https://sharepoint.company.com/docs/simfQI.pdf
ff2868c3,PRJ-023,Contract Agreement,Value call training feeling,2025-09-14,v1.0,Draft,https://sharepoint.company.com/docs/hYScKp.pdf
4c1d46c4,PRJ-012,Meeting Minutes,Explain large trip grow series,2024-11-06,v5.0,Under Review,https://sharepoint.company.com/docs/FMCnLZ.pdf
45596414,PRJ-006,Contract Agreement,Point force money bit,2025-09-24,v3.0,Draft,https://sharepoint.company.com/docs/fIkFjR.pdf
23596be8,PRJ-008,Inspection Request,Use system only test,2025-02-04,v4.0,Approved,https://sharepoint.company.com/docs/gGvlxx.pdf
c62534d3,PRJ-040,Safety Report,Situation product bad town option,2025-10-18,v5.0,Obsolete,https://sharepoint.company.com/docs/pdGhKB.pdf
9ede0b0e,PRJ-047,NOC (No Objection Certificate),Suddenly energy maybe hold,2025-12-17,v5.0,Obsolete,https://sharepoint.company.com/docs/RZvaTW.pdf
95cfe765,PRJ-028,Inspection Request,Those suddenly,2025-02-06,v1.0,Approved,https://sharepoint.company.com/docs/VbGKiP.pdf
4a5cf385,PRJ-001,Meeting Minutes,Down forward,2025-11-02,v3.0,Obsolete,https://sharepoint.company.com/docs/CAMxwY.pdf
c609fe8d,PRJ-003,Blueprint / Schematic,Happy forward member,2023-07-14,v4.0,Under Review,https://sharepoint.company.com/docs/dGWTiQ.pdf
546989cf,PRJ-049,NDA,Language student physical,2024-03-06,v3.0,Draft,https://sharepoint.company.com/docs/FrxKlx.pdf
204e0e2f,PRJ-017,Inspection Request,Method chance eye,2024-04-12,v1.0,Obsolete,https://sharepoint.company.com/docs/LZZpEM.pdf
7e5361f0,PRJ-017,Inspection Request,Represent them,2024-06-23,v5.0,Under Review,https://sharepoint.company.com/docs/xMsJtK.pdf
e579b25e,PRJ-004,Variation Order,Two suddenly black,2025-09-06,v4.0,Obsolete,https://sharepoint.company.com/docs/BimRKv.pdf
1e0ec4e9,PRJ-040,Invoice,Form only gas,2025-04-26,v4.0,Draft,https://sharepoint.company.com/docs/bkXCBC.pdf
0554903e,PRJ-042,Invoice,Feeling site treat worry,2025-09-18,v2.0,Under Review,https://sharepoint.company.com/docs/FjREzx.pdf
48747194,PRJ-004,Safety Report,Way really dark billion,2024-08-21,v3.0,Obsolete,https://sharepoint.company.com/docs/Oddvsx.pdf
4a2fae54,PRJ-022,Meeting Minutes,Green white thought guy,2024-05-21,v5.0,Approved,https://sharepoint.company.com/docs/BZlhBJ.pdf
cb59575c,PRJ-017,Contract Agreement,Record team increase meeting,2024-09-06,v3.0,Obsolete,https://sharepoint.company.com/docs/JYNwWa.pdf
949d8f6f,PRJ-009,NOC (No Objection Certificate),Air individual,2024-05-06,v3.0,Obsolete,https://sharepoint.company.com/docs/TdsmfE.pdf
ae34c24e,PRJ-042,Blueprint / Schematic,Next she behavior responsibility,2025-08-15,v4.0,Draft,https://sharepoint.company.com/docs/DLoozJ.pdf
f0294048,PRJ-026,NDA,Race drug attention quite already,2025-08-01,v3.0,Under Review,https://sharepoint.company.com/docs/KHGIwP.pdf
088daf3d,PRJ-023,Invoice,Head several culture bad,2025-12-27,v2.0,Draft,https://sharepoint.company.com/docs/gxnlck.pdf
9c705735,PRJ-007,MOU,Rather safe remain,2025-05-23,v4.0,Under Review,https://sharepoint.company.com/docs/KBpFLc.pdf
ab4adf48,PRJ-042,Inspection Request,Myself player million,2025-09-02,v5.0,Approved,https://sharepoint.company.com/docs/PeJINn.pdf
f06ab6ea,PRJ-025,Inspection Request,Mind sell include laugh,2025-12-02,v2.0,Approved,https://sharepoint.company.com/docs/zpVrZi.pdf
83336fe8,PRJ-008,Contract Agreement,Control control,2024-09-18,v1.0,Approved,https://sharepoint.company.com/docs/XzBsEr.pdf
4e948af0,PRJ-048,NOC (No Objection Certificate),Summer election possible,2025-08-26,v2.0,Draft,https://sharepoint.company.com/docs/mXRWkW.pdf
680e1866,PRJ-024,Meeting Minutes,Kind size force,2025-12-14,v2.0,Under Review,https://sharepoint.company.com/docs/fRSJEC.pdf
9c0095bb,PRJ-042,Variation Order,Collection hold knowledge because usually,2026-01-05,v2.0,Under Review,https://sharepoint.company.com/docs/qyNnYK.pdf
178393ca,PRJ-032,Blueprint / Schematic,Form join financial century,2025-11-12,v2.0,Obsolete,https://sharepoint.company.com/docs/NrajOy.pdf
02d80d4c,PRJ-047,Meeting Minutes,Voice source environmental western home,2025-12-29,v2.0,Approved,https://sharepoint.company.com/docs/AQZHeh.pdf
d6fbf73b,PRJ-036,Inspection Request,Office so drug,2023-12-27,v4.0,Under Review,https://sharepoint.company.com/docs/XPOPir.pdf
2f8c9430,PRJ-027,Blueprint / Schematic,Difficult debate,2024-01-18,v1.0,Under Review,https://sharepoint.company.com/docs/FTJXrd.pdf
342921d1,PRJ-005,NDA,Including turn religious writer white,2024-09-08,v4.0,Draft,https://sharepoint.company.com/docs/FGpdqY.pdf
afbd8d23,PRJ-007,Safety Report,Put last human standard,2025-03-25,v3.0,Draft,https://sharepoint.company.com/docs/YxZDGy.pdf
e2fe45b4,PRJ-001,Blueprint / Schematic,Front sure capital how,2026-01-01,v2.0,Obsolete,https://sharepoint.company.com/docs/VEPBqO.pdf
36ff7617,PRJ-012,Safety Report,Trip close already in,2025-04-10,v2.0,Obsolete,https://sharepoint.company.com/docs/qBwmqZ.pdf
4ab5fb87,PRJ-029,NDA,Because rate issue,2025-06-29,v4.0,Under Review,https://sharepoint.company.com/docs/qDTgxi.pdf
a1aeb6d0,PRJ-026,NDA,Behavior wife girl want against,2025-03-24,v5.0,Obsolete,https://sharepoint.company.com/docs/vAxOgp.pdf
8c1dd40d,PRJ-040,MOU,Anyone because enjoy could,2024-11-23,v4.0,Approved,https://sharepoint.company.com/docs/llTKGE.pdf
346e8e1d,PRJ-019,NDA,Take public reality,2025-12-23,v1.0,Draft,https://sharepoint.company.com/docs/dXrinn.pdf
0a61f617,PRJ-045,Contract Agreement,Past back statement amount,2025-12-22,v2.0,Under Review,https://sharepoint.company.com/docs/xjiMfH.pdf
d6ae03b4,PRJ-016,Meeting Minutes,Oil short gun,2024-08-30,v3.0,Approved,https://sharepoint.company.com/docs/MbviEb.pdf
6de10032,PRJ-013,Variation Order,Whatever soon,2024-10-29,v5.0,Approved,https://sharepoint.company.com/docs/nuGmct.pdf
7aa89509,PRJ-022,Variation Order,But always baby other,2024-12-13,v1.0,Under Review,https://sharepoint.company.com/docs/jigzJL.pdf
ef94aed8,PRJ-020,Blueprint / Schematic,Statement book your,2024-07-29,v4.0,Obsolete,https://sharepoint.company.com/docs/pjcspf.pdf
3fb89d57,PRJ-028,NOC (No Objection Certificate),Conference interesting,2025-10-09,v4.0,Approved,https://sharepoint.company.com/docs/wzclom.pdf
f7d046d0,PRJ-033,Variation Order,Fund against several economy,2025-06-09,v3.0,Approved,https://sharepoint.company.com/docs/uvvjAD.pdf
3df0b75f,PRJ-036,Variation Order,Pick list arm lawyer,2023-09-16,v1.0,Draft,https://sharepoint.company.com/docs/uhaawV.pdf
ec5d9a24,PRJ-041,Inspection Request,Near among often five,2025-11-22,v1.0,Approved,https://sharepoint.company.com/docs/eXelfS.pdf
7421c003,PRJ-002,Safety Report,Dark Congress drive son could,2023-12-05,v4.0,Approved,https://sharepoint.company.com/docs/ZoWSob.pdf
879c1179,PRJ-018,Contract Agreement,Safe red why,2025-09-20,v1.0,Approved,https://sharepoint.company.com/docs/AvEdCL.pdf
1bb7c761,PRJ-016,Inspection Request,Dinner challenge computer raise include,2024-09-22,v2.0,Draft,https://sharepoint.company.com/docs/HYvORv.pdf
2486f896,PRJ-041,Blueprint / Schematic,Fight task,2025-09-01,v2.0,Approved,https://sharepoint.company.com/docs/PeuTtI.pdf
19390455,PRJ-022,Invoice,Parent couple,2024-07-25,v5.0,Under Review,https://sharepoint.company.com/docs/zXxUpo.pdf
01aad933,PRJ-007,MOU,Lot sign record cover,2025-05-31,v4.0,Under Review,https://sharepoint.company.com/docs/SdaKIs.pdf
4377cff2,PRJ-047,Inspection Request,Late large policy,2025-08-21,v1.0,Under Review,https://sharepoint.company.com/docs/jgYDaV.pdf
d1a46b7b,PRJ-030,NOC (No Objection Certificate),Game record performance,2025-10-03,v1.0,Under Review,https://sharepoint.company.com/docs/JRZonO.pdf
17b05872,PRJ-031,MOU,Politics suggest hear more,2025-10-08,v5.0,Draft,https://sharepoint.company.com/docs/DyMCxc.pdf
f3abc4eb,PRJ-029,Inspection Request,Whose similar dream,2025-09-16,v5.0,Approved,https://sharepoint.company.com/docs/WSedRw.pdf
96f4159b,PRJ-042,Inspection Request,Similar paper,2025-12-16,v5.0,Draft,https://sharepoint.company.com/docs/JmpTPe.pdf
e3ad6424,PRJ-039,Contract Agreement,Explain matter mind require,2025-12-28,v1.0,Approved,https://sharepoint.company.com/docs/qUtcyw.pdf
5add8fa5,PRJ-049,Blueprint / Schematic,Without free dark,2024-10-15,v5.0,Approved,https://sharepoint.company.com/docs/xDbQFy.pdf
64575551,PRJ-023,Inspection Request,Thank light thing,2025-10-28,v1.0,Draft,https://sharepoint.company.com/docs/uBjPUl.pdf
d19b490f,PRJ-031,Inspection Request,Improve set within,2025-07-28,v2.0,Under Review,https://sharepoint.company.com/docs/OQyYVe.pdf
dc598529,PRJ-023,Invoice,Science ago,2025-09-10,v4.0,Obsolete,https://sharepoint.company.com/docs/MYoBaL.pdf
925f9b67,PRJ-046,Safety Report,Sport attack,2024-02-11,v4.0,Draft,https://sharepoint.company.com/docs/DddmiF.pdf
87027c22,PRJ-043,Invoice,General such,2025-11-26,v5.0,Approved,https://sharepoint.company.com/docs/QQSHDD.pdf
c8eedd25,PRJ-010,NOC (No Objection Certificate),Be provide,2025-10-24,v1.0,Approved,https://sharepoint.company.com/docs/DiSyGi.pdf
6d42ecf8,PRJ-008,Blueprint / Schematic,Training fill agreement make dark,2024-11-29,v2.0,Under Review,https://sharepoint.company.com/docs/uMxySZ.pdf
97c48233,PRJ-001,Invoice,Chance government staff,2026-01-01,v1.0,Under Review,https://sharepoint.company.com/docs/hnxzpU.pdf
a9b38709,PRJ-041,MOU,Someone room site particular,2025-11-13,v2.0,Obsolete,https://sharepoint.company.com/docs/wcdFwg.pdf
e1188a69,PRJ-037,Safety Report,Indeed list guy building candidate,2025-11-27,v4.0,Under Review,https://sharepoint.company.com/docs/hFUFqG.pdf
7fc6ba54,PRJ-042,Contract Agreement,Parent health world up,2025-10-24,v5.0,Draft,https://sharepoint.company.com/docs/QRvPJt.pdf
62fa1757,PRJ-016,NDA,Official like buy go significant,2024-07-21,v3.0,Obsolete,https://sharepoint.company.com/docs/fNmdSy.pdf
1f82bdfb,PRJ-027,Meeting Minutes,High make officer,2023-10-09,v1.0,Under Review,https://sharepoint.company.com/docs/KALKmn.pdf
367fcbe0,PRJ-019,Safety Report,Baby share long describe fly,2025-12-17,v1.0,Obsolete,https://sharepoint.company.com/docs/zHiGZV.pdf
5455223c,PRJ-001,Inspection Request,Concern ready apply our,2025-12-15,v2.0,Approved,https://sharepoint.company.com/docs/rXJFqE.pdf
8efbdb58,PRJ-042,Inspection Request,Idea take operation,2025-11-03,v2.0,Under Review,https://sharepoint.company.com/docs/sVxhCo.pdf
20a61d1f,PRJ-036,NOC (No Objection Certificate),Often bar population,2023-12-09,v1.0,Draft,https://sharepoint.company.com/docs/GBvaYp.pdf
b8a1f215,PRJ-022,Invoice,Health serve possible first,2024-08-19,v4.0,Approved,https://sharepoint.company.com/docs/ESQFUE.pdf
756c0fcc,PRJ-036,NOC (No Objection Certificate),Data trip protect,2024-01-19,v3.0,Under Review,https://sharepoint.company.com/docs/ntPunw.pdf
1394f117,PRJ-045,Safety Report,Ready manager,2025-10-25,v2.0,Obsolete,https://sharepoint.company.com/docs/cLjDkd.pdf
bbaaaa00,PRJ-007,Inspection Request,Herself reduce health,2025-11-04,v2.0,Draft,https://sharepoint.company.com/docs/PwAlNq.pdf
682d000b,PRJ-028,Meeting Minutes,Help step leave above minute,2024-11-23,v4.0,Under Review,https://sharepoint.company.com/docs/uubzKW.pdf
9447169d,PRJ-032,Variation Order,Entire blood skill,2025-02-18,v3.0,Obsolete,https://sharepoint.company.com/docs/ebtjFX.pdf
31654320,PRJ-050,Variation Order,Everything once boy whatever,2025-11-11,v5.0,Under Review,https://sharepoint.company.com/docs/gHZeGI.pdf
e4c6460b,PRJ-018,Contract Agreement,Political degree choose suggest physical,2025-10-06,v1.0,Draft,https://sharepoint.company.com/docs/pxCunH.pdf
a2585f03,PRJ-001,Variation Order,Beyond foot,2025-11-12,v2.0,Under Review,https://sharepoint.company.com/docs/FcmtDx.pdf
dee2e22d,PRJ-017,NDA,Experience usually reach his,2024-05-25,v2.0,Approved,https://sharepoint.company.com/docs/tvusAk.pdf
1f99ce04,PRJ-039,MOU,Game economy hope,2023-12-06,v1.0,Draft,https://sharepoint.company.com/docs/TSkjQp.pdf
dc2f4857,PRJ-044,Meeting Minutes,Seek early,2025-07-29,v2.0,Approved,https://sharepoint.company.com/docs/soryyd.pdf
d54c9bed,PRJ-023,Variation Order,Line anyone product,2026-01-20,v5.0,Under Review,https://sharepoint.company.com/docs/AdYYpK.pdf
0d2d39cb,PRJ-047,Meeting Minutes,Official similar board couple,2025-11-08,v4.0,Approved,https://sharepoint.company.com/docs/ieqOWV.pdf
e9a225f2,PRJ-013,MOU,Close plan maintain,2024-08-17,v2.0,Obsolete,https://sharepoint.company.com/docs/zeyGcM.pdf
d47af39b,PRJ-009,NOC (No Objection Certificate),More west,2024-07-01,v5.0,Obsolete,https://sharepoint.company.com/docs/vrhmnR.pdf
bb16f851,PRJ-045,Invoice,Cell future,2025-10-15,v1.0,Obsolete,https://sharepoint.company.com/docs/MZevBS.pdf
a5947d31,PRJ-004,NDA,Between health list color arrive,2024-11-24,v4.0,Obsolete,https://sharepoint.company.com/docs/vlVZtL.pdf
95bbc40b,PRJ-047,Inspection Request,Poor bill,2025-09-01,v4.0,Draft,https://sharepoint.company.com/docs/skKLMr.pdf
48c43201,PRJ-022,NOC (No Objection Certificate),Seem describe,2024-07-25,v5.0,Draft,https://sharepoint.company.com/docs/GxSTzK.pdf
dacef960,PRJ-009,Invoice,Include child town,2023-11-14,v3.0,Obsolete,https://sharepoint.company.com/docs/kTbgCt.pdf
9e891f45,PRJ-036,Blueprint / Schematic,Position reduce job woman,2024-02-09,v2.0,Under Review,https://sharepoint.company.com/docs/GHzzxN.pdf
8aded3bb,PRJ-025,Safety Report,Leg vote outside,2025-10-18,v2.0,Approved,https://sharepoint.company.com/docs/pQyDQu.pdf
f4e333c8,PRJ-011,Safety Report,Really office you,2024-04-05,v3.0,Obsolete,https://sharepoint.company.com/docs/umYjUh.pdf
1858af42,PRJ-028,Meeting Minutes,Course military,2025-08-31,v1.0,Under Review,https://sharepoint.company.com/docs/ingwzI.pdf
3c5ede12,PRJ-020,NDA,Consumer economy resource,2024-09-28,v1.0,Obsolete,https://sharepoint.company.com/docs/aUijUV.pdf
f152ca82,PRJ-031,NDA,Live bank drug sister,2025-10-27,v5.0,Draft,https://sharepoint.company.com/docs/aiupWq.pdf
70e61fa6,PRJ-016,Contract Agreement,Spend listen,2024-06-07,v5.0,Obsolete,https://sharepoint.company.com/docs/btXiNU.pdf
ef040a3c,PRJ-012,Blueprint / Schematic,Seem management relationship tonight remain,2025-02-24,v3.0,Obsolete,https://sharepoint.company.com/docs/EtdISF.pdf
0a2ae846,PRJ-020,Blueprint / Schematic,Practice condition factor read,2024-08-04,v1.0,Draft,https://sharepoint.company.com/docs/bpnScY.pdf
b01bb171,PRJ-003,MOU,Research manage true exist left,2023-07-21,v2.0,Approved,https://sharepoint.company.com/docs/iwrlBw.pdf
beb47aa2,PRJ-007,Blueprint / Schematic,Or debate concern your its,2025-02-21,v1.0,Approved,https://sharepoint.company.com/docs/UWTToL.pdf
383325b8,PRJ-050,MOU,Price source college until office,2025-09-06,v5.0,Under Review,https://sharepoint.company.com/docs/yPmQOk.pdf
8416cbe1,PRJ-044,Inspection Request,Long worker,2025-12-12,v3.0,Under Review,https://sharepoint.company.com/docs/crlPow.pdf
143e24d6,PRJ-025,Variation Order,Pass happen dog star rise,2025-11-18,v2.0,Obsolete,https://sharepoint.company.com/docs/RLLlRf.pdf
4ffd78e1,PRJ-020,Invoice,Result get spring work,2024-09-05,v4.0,Draft,https://sharepoint.company.com/docs/PaFExa.pdf
93ef3396,PRJ-011,NDA,Partner tree cup get help,2025-02-03,v3.0,Under Review,https://sharepoint.company.com/docs/ATAiXe.pdf
cfd67deb,PRJ-039,Blueprint / Schematic,Treatment grow particularly statement,2024-12-04,v3.0,Draft,https://sharepoint.company.com/docs/JrVwrV.pdf
952bc2ce,PRJ-050,Blueprint / Schematic,From cultural suffer country,2024-01-26,v4.0,Approved,https://sharepoint.company.com/docs/cVuNew.pdf
354a922f,PRJ-044,MOU,Body section under between,2025-08-06,v1.0,Draft,https://sharepoint.company.com/docs/MAFtvg.pdf
ee837e20,PRJ-044,Inspection Request,Director series safe act,2025-06-17,v4.0,Under Review,https://sharepoint.company.com/docs/vUbqeF.pdf
e7d60ad4,PRJ-039,MOU,Cell end information,2024-12-03,v2.0,Obsolete,https://sharepoint.company.com/docs/SFGYZD.pdf
e22e58d5,PRJ-014,Contract Agreement,Describe stay born,2024-12-18,v1.0,Obsolete,https://sharepoint.company.com/docs/HfCeYH.pdf
f1ccfa4a,PRJ-049,Variation Order,Push score surface,2025-12-15,v1.0,Draft,https://sharepoint.company.com/docs/uihekC.pdf
3e81d07d,PRJ-030,Blueprint / Schematic,Through design because paper,2025-10-22,v3.0,Under Review,https://sharepoint.company.com/docs/npgbIG.pdf
0dc856a6,PRJ-035,Invoice,Rule free wife thousand,2024-11-09,v2.0,Obsolete,https://sharepoint.company.com/docs/RbbpIg.pdf
b479d898,PRJ-006,Inspection Request,Fear weight resource quality,2025-09-17,v2.0,Under Review,https://sharepoint.company.com/docs/cieGjt.pdf
8b41d6a0,PRJ-039,Inspection Request,Language care,2024-03-27,v2.0,Obsolete,https://sharepoint.company.com/docs/qBeBOJ.pdf
cae3f071,PRJ-019,Invoice,Court service example paper long,2025-12-27,v2.0,Approved,https://sharepoint.company.com/docs/anQibr.pdf
7ede0a0a,PRJ-033,NOC (No Objection Certificate),Defense daughter figure,2024-12-24,v4.0,Approved,https://sharepoint.company.com/docs/gcAxec.pdf
007f6bd0,PRJ-027,MOU,Activity factor,2023-04-11,v4.0,Draft,https://sharepoint.company.com/docs/mhpvxv.pdf
0c1d7fd5,PRJ-039,Variation Order,Service your range campaign,2025-11-07,v2.0,Draft,https://sharepoint.company.com/docs/oMwBWS.pdf
7d370e28,PRJ-029,Invoice,Some baby mission share,2025-12-10,v1.0,Approved,https://sharepoint.company.com/docs/WJLJFT.pdf
74366906,PRJ-019,Blueprint / Schematic,Interest save truth ten,2026-01-04,v1.0,Under Review,https://sharepoint.company.com/docs/nGEDQe.pdf
897bc49d,PRJ-037,Invoice,Mouth off,2025-10-01,v5.0,Obsolete,https://sharepoint.company.com/docs/NDPOZk.pdf
398e1c11,PRJ-010,Contract Agreement,Ever bring,2025-05-26,v4.0,Draft,https://sharepoint.company.com/docs/quvVGA.pdf
74cc7889,PRJ-046,Contract Agreement,Exactly Mrs together,2024-02-24,v4.0,Draft,https://sharepoint.company.com/docs/bFLQzX.pdf
3f7b4b3f,PRJ-032,NOC (No Objection Certificate),Plant blood then source member,2025-03-21,v4.0,Approved,https://sharepoint.company.com/docs/NmKgXI.pdf
642c14ac,PRJ-001,Inspection Request,Almost too still,2026-01-15,v4.0,Under Review,https://sharepoint.company.com/docs/MmXpLl.pdf
50f27dcc,PRJ-050,NOC (No Objection Certificate),All improve might,2025-03-31,v4.0,Draft,https://sharepoint.company.com/docs/ADaidV.pdf
c489d6d7,PRJ-042,NOC (No Objection Certificate),Culture next evidence area,2025-10-27,v4.0,Under Review,https://sharepoint.company.com/docs/wwRPwU.pdf
51d1fedf,PRJ-043,Blueprint / Schematic,Executive service along,2025-07-11,v5.0,Under Review,https://sharepoint.company.com/docs/WHTLRA.pdf
80da97fe,PRJ-033,Meeting Minutes,Mrs sort until clearly respond,2025-07-21,v3.0,Draft,https://sharepoint.company.com/docs/UiZgWc.pdf
addbe0d8,PRJ-004,MOU,Understand against,2024-04-20,v3.0,Approved,https://sharepoint.company.com/docs/WNtFWe.pdf
670c5dfb,PRJ-002,NOC (No Objection Certificate),Read happen,2023-07-04,v5.0,Draft,https://sharepoint.company.com/docs/FISarg.pdf
4f852152,PRJ-013,NDA,Into low miss either event,2024-06-29,v4.0,Draft,https://sharepoint.company.com/docs/BiXstF.pdf
8c71f7ce,PRJ-010,Meeting Minutes,Like boy administration brother,2025-05-29,v5.0,Draft,https://sharepoint.company.com/docs/DDXaop.pdf
0c089916,PRJ-004,Safety Report,Process difference senior,2024-07-20,v1.0,Approved,https://sharepoint.company.com/docs/DpityQ.pdf
fdebb076,PRJ-043,NOC (No Objection Certificate),Themselves price eight specific quickly,2025-08-14,v5.0,Draft,https://sharepoint.company.com/docs/WnOXdq.pdf
cd843c95,PRJ-009,Variation Order,Kind organization scientist value,2024-01-12,v5.0,Approved,https://sharepoint.company.com/docs/KjqzKk.pdf
dae612b1,PRJ-025,Blueprint / Schematic,Building upon quite arrive memory,2025-10-16,v3.0,Under Review,https://sharepoint.company.com/docs/Xspipf.pdf
61033940,PRJ-008,Meeting Minutes,Best skin coach happen,2025-04-05,v5.0,Under Review,https://sharepoint.company.com/docs/fEdbpr.pdf
4553ec86,PRJ-027,Blueprint / Schematic,Rock choice thousand,2023-09-29,v4.0,Under Review,https://sharepoint.company.com/docs/ZREsbY.pdf
2358b5ad,PRJ-028,Meeting Minutes,Before power choice but,2025-12-10,v4.0,Approved,https://sharepoint.company.com/docs/vqgOeh.pdf
06eab78c,PRJ-043,Invoice,Agree activity bill,2025-10-18,v1.0,Draft,https://sharepoint.company.com/docs/VzPLnd.pdf
2d317a3e,PRJ-029,Variation Order,Within finally,2025-01-09,v3.0,Under Review,https://sharepoint.company.com/docs/kPBYCP.pdf
d0f92d7b,PRJ-010,Inspection Request,Night prove firm,2025-07-04,v4.0,Obsolete,https://sharepoint.company.com/docs/BhhAgR.pdf
9224e427,PRJ-044,Inspection Request,Find same including reduce move,2025-08-20,v5.0,Obsolete,https://sharepoint.company.com/docs/vunCWX.pdf
66c722f6,PRJ-004,Blueprint / Schematic,Camera political hard move especially,2024-11-22,v5.0,Approved,https://sharepoint.company.com/docs/NLQtcl.pdf
8e1eff05,PRJ-032,Invoice,Or stay memory really,2024-12-17,v1.0,Obsolete,https://sharepoint.company.com/docs/QVOvPk.pdf
072c3651,PRJ-018,Inspection Request,Firm their respond meet,2025-03-15,v1.0,Obsolete,https://sharepoint.company.com/docs/LROCZn.pdf
d28bb2f4,PRJ-033,NDA,Treatment group exactly,2025-05-08,v1.0,Approved,https://sharepoint.company.com/docs/SEFFEq.pdf
90c432df,PRJ-017,Contract Agreement,Enough onto almost interview,2024-04-12,v3.0,Draft,https://sharepoint.company.com/docs/ZddBay.pdf
ec869343,PRJ-041,Invoice,Hope national call,2025-04-21,v1.0,Draft,https://sharepoint.company.com/docs/VQDxZx.pdf
97fc3fa2,PRJ-020,Contract Agreement,Size spring none,2024-10-04,v3.0,Obsolete,https://sharepoint.company.com/docs/PsPZyb.pdf
05aaebe7,PRJ-024,Variation Order,Agency church guess,2025-12-22,v3.0,Under Review,https://sharepoint.company.com/docs/ZwUmMB.pdf
0f796d34,PRJ-046,Inspection Request,Street pass worry development success,2024-01-23,v4.0,Approved,https://sharepoint.company.com/docs/VqDbCK.pdf
5c4e3ef2,PRJ-025,MOU,Religious father,2025-09-18,v3.0,Approved,https://sharepoint.company.com/docs/hRzXdn.pdf
d3426658,PRJ-040,Variation Order,See without since,2024-09-13,v2.0,Approved,https://sharepoint.company.com/docs/tpROMG.pdf
f015b096,PRJ-025,Invoice,Least of choice,2025-12-03,v2.0,Obsolete,https://sharepoint.company.com/docs/pBfYFL.pdf
b9d52741,PRJ-041,Invoice,From sometimes page,2026-01-12,v1.0,Under Review,https://sharepoint.company.com/docs/VwTNwD.pdf
72d91c83,PRJ-005,NOC (No Objection Certificate),Rise manage them,2025-03-14,v2.0,Approved,https://sharepoint.company.com/docs/RUQZjC.pdf
21fa1e52,PRJ-010,Meeting Minutes,Use evidence age,2025-10-06,v1.0,Under Review,https://sharepoint.company.com/docs/nMnzQi.pdf
689d9d3b,PRJ-009,Invoice,Report short everybody,2025-02-01,v5.0,Obsolete,https://sharepoint.company.com/docs/crUyvQ.pdf
8d6c25a7,PRJ-009,MOU,Discuss bag but administration,2024-08-15,v5.0,Approved,https://sharepoint.company.com/docs/aiTZiI.pdf
7a116484,PRJ-006,Blueprint / Schematic,Quickly full ground,2025-12-08,v2.0,Obsolete,https://sharepoint.company.com/docs/YHTiCX.pdf
7b44d71e,PRJ-035,Meeting Minutes,Consumer person five,2025-12-25,v1.0,Approved,https://sharepoint.company.com/docs/qnWoOD.pdf
b727d594,PRJ-014,Safety Report,Mind democratic industry second,2025-04-17,v1.0,Approved,https://sharepoint.company.com/docs/lfwhca.pdf
70e6db97,PRJ-041,Contract Agreement,Attack create physical,2024-05-22,v5.0,Approved,https://sharepoint.company.com/docs/qSHyKQ.pdf
d4d11c55,PRJ-003,Blueprint / Schematic,Describe market guess ground,2023-07-26,v4.0,Approved,https://sharepoint.company.com/docs/phbwla.pdf
10c42bfb,PRJ-016,Meeting Minutes,Law air special write appear,2025-04-15,v4.0,Approved,https://sharepoint.company.com/docs/NnoDCo.pdf
79f10a21,PRJ-042,Invoice,Threat every beat,2025-08-18,v3.0,Under Review,https://sharepoint.company.com/docs/tHvdXk.pdf
e99640f8,PRJ-018,Safety Report,Paper stop recent moment,2025-12-14,v5.0,Approved,https://sharepoint.company.com/docs/AITbaM.pdf
070b7f77,PRJ-037,Invoice,Pretty local the want building,2025-09-17,v4.0,Approved,https://sharepoint.company.com/docs/LWrwlp.pdf
52c70006,PRJ-018,NDA,Including also doctor away foreign,2025-07-30,v2.0,Under Review,https://sharepoint.company.com/docs/NXNHUD.pdf
5c5bf9bf,PRJ-035,Meeting Minutes,Smile ahead cold add,2026-01-05,v4.0,Approved,https://sharepoint.company.com/docs/JHIdYB.pdf
f05f9dfc,PRJ-030,Safety Report,Let activity,2025-06-22,v2.0,Approved,https://sharepoint.company.com/docs/YUrhob.pdf
8bd7ab16,PRJ-019,NOC (No Objection Certificate),Management glass red machine,2025-11-16,v1.0,Draft,https://sharepoint.company.com/docs/vRIvaL.pdf
4dbcb679,PRJ-034,Blueprint / Schematic,Amount peace training compare,2023-12-01,v1.0,Draft,https://sharepoint.company.com/docs/pzANsR.pdf
806fbdad,PRJ-021,Inspection Request,Western bit treat explain,2026-01-04,v1.0,Approved,https://sharepoint.company.com/docs/SictYo.pdf
a98159ad,PRJ-010,NDA,Tree radio read trade,2025-09-21,v2.0,Draft,https://sharepoint.company.com/docs/jgFyqQ.pdf
deac7a4c,PRJ-040,Meeting Minutes,Teach toward blood,2024-10-31,v3.0,Obsolete,https://sharepoint.company.com/docs/YTWyCq.pdf
adc4d087,PRJ-028,Meeting Minutes,Public reason nor save ten,2024-07-19,v5.0,Obsolete,https://sharepoint.company.com/docs/SxIuCr.pdf
1606eb8f,PRJ-036,NOC (No Objection Certificate),House specific,2023-12-19,v3.0,Obsolete,https://sharepoint.company.com/docs/BDPjBs.pdf
3c7454b6,PRJ-016,Inspection Request,Last particularly first lawyer appear,2024-04-16,v5.0,Approved,https://sharepoint.company.com/docs/krKnhB.pdf
ab84c64a,PRJ-041,NDA,Miss chair throw word worry,2025-09-02,v3.0,Approved,https://sharepoint.company.com/docs/CIarCa.pdf
96d4890c,PRJ-037,Safety Report,Home attention meeting,2025-11-01,v5.0,Obsolete,https://sharepoint.company.com/docs/CxzYLl.pdf
96e8bdd9,PRJ-003,Meeting Minutes,Series street similar,2023-08-14,v5.0,Approved,https://sharepoint.company.com/docs/oQUkEn.pdf
24177c12,PRJ-014,Invoice,Hope low continue authority,2025-08-10,v4.0,Approved,https://sharepoint.company.com/docs/pabJXv.pdf
937bc3d1,PRJ-046,NDA,Skin boy doctor relationship,2024-12-10,v3.0,Obsolete,https://sharepoint.company.com/docs/lvXyyb.pdf
b956908d,PRJ-015,Inspection Request,Then four,2024-12-18,v1.0,Obsolete,https://sharepoint.company.com/docs/FZInAP.pdf
07e43911,PRJ-027,Safety Report,Top environmental start,2023-04-30,v1.0,Under Review,https://sharepoint.company.com/docs/pOzvPm.pdf
6f05d8fb,PRJ-007,Safety Report,Environment three own teacher tend,2024-10-17,v2.0,Under Review,https://sharepoint.company.com/docs/ZCbVFZ.pdf
7fac17b4,PRJ-003,Variation Order,Voice between everyone,2023-03-16,v2.0,Draft,https://sharepoint.company.com/docs/ppCcdY.pdf
bac538b6,PRJ-016,Inspection Request,Yeah through exist hold,2024-09-07,v4.0,Approved,https://sharepoint.company.com/docs/CfQUOy.pdf
755bc673,PRJ-014,Meeting Minutes,Cost bag group long,2025-05-22,v2.0,Obsolete,https://sharepoint.company.com/docs/FZtaVu.pdf
8068684d,PRJ-020,Meeting Minutes,Investment model fact much,2024-06-20,v1.0,Obsolete,https://sharepoint.company.com/docs/FterkF.pdf
a0b55c15,PRJ-008,NDA,Economy rise,2025-10-09,v3.0,Under Review,https://sharepoint.company.com/docs/MGGElA.pdf
926b8a67,PRJ-019,Inspection Request,Bank claim day,2025-12-02,v2.0,Obsolete,https://sharepoint.company.com/docs/oKLZHk.pdf
0618706f,PRJ-017,Meeting Minutes,Leave state,2024-02-09,v1.0,Obsolete,https://sharepoint.company.com/docs/niQSas.pdf
42317a90,PRJ-002,MOU,Information type lot guy,2024-02-19,v2.0,Under Review,https://sharepoint.company.com/docs/QrhUDP.pdf
50ce7c73,PRJ-012,Blueprint / Schematic,Nature study officer throughout,2025-07-16,v2.0,Approved,https://sharepoint.company.com/docs/zRVtxC.pdf
d1b9902d,PRJ-048,Meeting Minutes,Sell human head listen,2025-12-02,v4.0,Approved,https://sharepoint.company.com/docs/ByzqEz.pdf
0227db19,PRJ-029,NOC (No Objection Certificate),Provide up sure cause,2025-01-20,v2.0,Draft,https://sharepoint.company.com/docs/Btvule.pdf
92bef5f6,PRJ-004,Safety Report,Mr manager care next maintain,2025-04-06,v3.0,Under Review,https://sharepoint.company.com/docs/jDxtVr.pdf
13b6994c,PRJ-048,MOU,Gun American three color step,2025-08-24,v5.0,Draft,https://sharepoint.company.com/docs/DYRoPH.pdf
08e22b14,PRJ-017,Blueprint / Schematic,Here look,2024-06-08,v4.0,Draft,https://sharepoint.company.com/docs/tABmLc.pdf
1674d306,PRJ-038,Inspection Request,Easy create name,2025-09-04,v2.0,Draft,https://sharepoint.company.com/docs/mKppbf.pdf
de6d4f39,PRJ-037,Meeting Minutes,Enjoy again government maybe food,2025-09-27,v2.0,Under Review,https://sharepoint.company.com/docs/HFuxiS.pdf
6487af4d,PRJ-044,NDA,Gas everybody,2025-08-02,v1.0,Approved,https://sharepoint.company.com/docs/AMDqwD.pdf
513fe5be,PRJ-026,Safety Report,Visit whatever,2025-12-04,v3.0,Draft,https://sharepoint.company.com/docs/ImPGDT.pdf
595e7421,PRJ-027,Variation Order,Western trial it theory,2023-06-03,v2.0,Approved,https://sharepoint.company.com/docs/QnZITZ.pdf
8985d26c,PRJ-011,Meeting Minutes,Professor attention president type,2025-05-04,v2.0,Under Review,https://sharepoint.company.com/docs/uRycSh.pdf
fe416ff2,PRJ-013,Invoice,Simple trouble,2025-09-21,v3.0,Draft,https://sharepoint.company.com/docs/BiqBMt.pdf
f2f03734,PRJ-043,Blueprint / Schematic,Option hotel those,2025-11-04,v4.0,Approved,https://sharepoint.company.com/docs/IsiBHx.pdf
752396ff,PRJ-015,Meeting Minutes,Its north stuff,2025-03-13,v5.0,Draft,https://sharepoint.company.com/docs/dfaiPF.pdf
adff336d,PRJ-004,Meeting Minutes,Fine result put camera across,2024-05-19,v1.0,Approved,https://sharepoint.company.com/docs/IQDkgi.pdf
5d864cb6,PRJ-002,Variation Order,Occur plant,2023-07-04,v5.0,Draft,https://sharepoint.company.com/docs/wUYykt.pdf
2687743e,PRJ-015,Inspection Request,Behind from,2025-07-11,v1.0,Under Review,https://sharepoint.company.com/docs/AnOYpM.pdf
09561195,PRJ-032,NDA,Choose country capital campaign drive,2025-01-02,v4.0,Approved,https://sharepoint.company.com/docs/Ifrapd.pdf
f1c42e0e,PRJ-028,MOU,Series study assume event city,2025-11-04,v3.0,Obsolete,https://sharepoint.company.com/docs/jsHtmW.pdf
5e7b8a46,PRJ-014,MOU,Service second,2025-08-14,v3.0,Draft,https://sharepoint.company.com/docs/nVplGd.pdf
90a4354f,PRJ-025,MOU,Social agency enter about until,2025-12-13,v4.0,Under Review,https://sharepoint.company.com/docs/mfbNaD.pdf
2c84124a,PRJ-047,Safety Report,Question reflect drop,2025-10-31,v3.0,Draft,https://sharepoint.company.com/docs/iWFEOP.pdf
57d8846b,PRJ-029,MOU,Kid ask camera,2025-06-04,v1.0,Approved,https://sharepoint.company.com/docs/wEovut.pdf
77d8db4d,PRJ-020,Invoice,Conference hope,2024-08-18,v4.0,Obsolete,https://sharepoint.company.com/docs/BgvRpL.pdf
beb6b446,PRJ-017,MOU,Parent conference remain,2024-03-17,v2.0,Approved,https://sharepoint.company.com/docs/iewdPg.pdf
daa045ad,PRJ-019,Inspection Request,Pm notice join,2025-12-02,v2.0,Obsolete,https://sharepoint.company.com/docs/ENVINP.pdf
49bbc6bb,PRJ-014,MOU,List Democrat this north,2025-08-01,v3.0,Draft,https://sharepoint.company.com/docs/iMMcoC.pdf
25e5d526,PRJ-037,Blueprint / Schematic,Get drug recent guy,2025-09-27,v2.0,Obsolete,https://sharepoint.company.com/docs/DQfsZl.pdf
6be256dd,PRJ-024,Invoice,Work almost unit,2025-11-04,v5.0,Under Review,https://sharepoint.company.com/docs/zPURuM.pdf
46aee430,PRJ-023,NDA,Couple economy democratic,2025-09-04,v5.0,Approved,https://sharepoint.company.com/docs/rsqnkV.pdf
9696dcc3,PRJ-032,NOC (No Objection Certificate),Education choose,2025-10-02,v1.0,Under Review,https://sharepoint.company.com/docs/WTaOdD.pdf
f527ed6a,PRJ-011,Variation Order,Huge matter five left,2024-06-19,v5.0,Approved,https://sharepoint.company.com/docs/dOGCIu.pdf
9a017639,PRJ-036,Meeting Minutes,Could seek design,2023-12-28,v1.0,Under Review,https://sharepoint.company.com/docs/acLcdQ.pdf
23f88146,PRJ-034,Inspection Request,Method team population live,2024-01-03,v2.0,Obsolete,https://sharepoint.company.com/docs/CvszxJ.pdf
8d805e12,PRJ-007,Invoice,White pressure drop,2025-05-28,v3.0,Obsolete,https://sharepoint.company.com/docs/rZAOno.pdf
60e81149,PRJ-037,Inspection Request,Possible will prove talk,2025-10-11,v2.0,Draft,https://sharepoint.company.com/docs/HsXevs.pdf
1eff963e,PRJ-015,Blueprint / Schematic,Fine daughter win series,2025-10-28,v1.0,Under Review,https://sharepoint.company.com/docs/GxgYUF.pdf
5be5cfe7,PRJ-002,Blueprint / Schematic,Guess oil force in among,2023-10-17,v2.0,Draft,https://sharepoint.company.com/docs/OXoToC.pdf
d7cf5786,PRJ-013,Blueprint / Schematic,Say middle PM because,2025-02-11,v3.0,Approved,https://sharepoint.company.com/docs/Kkliuf.pdf
eaf588f9,PRJ-021,NOC (No Objection Certificate),Plant stuff cup political discover,2025-12-22,v3.0,Under Review,https://sharepoint.company.com/docs/zAcres.pdf
36c8f396,PRJ-040,Contract Agreement,Continue suffer,2024-09-22,v2.0,Under Review,https://sharepoint.company.com/docs/cIeoYF.pdf
248ad70b,PRJ-005,Blueprint / Schematic,Administration single gun,2023-09-15,v1.0,Approved,https://sharepoint.company.com/docs/WjtQmM.pdf
5e892d9a,PRJ-036,Inspection Request,Beautiful writer,2023-09-19,v1.0,Under Review,https://sharepoint.company.com/docs/QtKziJ.pdf
6eb97e26,PRJ-021,NDA,Special cup approach nation Mrs,2025-12-22,v3.0,Approved,https://sharepoint.company.com/docs/nQQsWF.pdf
0627f5ac,PRJ-027,Blueprint / Schematic,Week just,2024-02-01,v3.0,Under Review,https://sharepoint.company.com/docs/jttzBz.pdf
8fdfc543,PRJ-026,NDA,Issue range above,2025-07-29,v5.0,Obsolete,https://sharepoint.company.com/docs/KOtnHA.pdf
be4faa6c,PRJ-045,NOC (No Objection Certificate),Town administration force often,2025-12-14,v3.0,Obsolete,https://sharepoint.company.com/docs/vYOBkK.pdf
615cd51b,PRJ-045,NDA,Seem chair southern sing force,2025-12-08,v4.0,Obsolete,https://sharepoint.company.com/docs/VkFpOt.pdf
ebfbddbf,PRJ-041,Blueprint / Schematic,Star paper close which road,2025-08-15,v3.0,Approved,https://sharepoint.company.com/docs/rDlmXR.pdf
405c1d50,PRJ-002,NDA,Indicate black government visit,2024-02-05,v5.0,Approved,https://sharepoint.company.com/docs/tMUVyf.pdf
debe25aa,PRJ-037,Inspection Request,How maybe nature serious second,2025-12-21,v2.0,Draft,https://sharepoint.company.com/docs/SHENkr.pdf
413bfde5,PRJ-026,Inspection Request,Senior quite,2025-06-10,v2.0,Draft,https://sharepoint.company.com/docs/YWPRNx.pdf
9f201319,PRJ-011,Safety Report,Indicate beautiful project event,2024-03-07,v2.0,Under Review,https://sharepoint.company.com/docs/JIoSPp.pdf
0714ae2c,PRJ-032,NOC (No Objection Certificate),House scientist environmental,2024-10-08,v4.0,Obsolete,https://sharepoint.company.com/docs/ALeZiP.pdf
7e7422ad,PRJ-010,Variation Order,Own size place particular,2025-10-26,v3.0,Obsolete,https://sharepoint.company.com/docs/ZafXRk.pdf
13a7c7c7,PRJ-026,Variation Order,Democrat may happen all,2025-05-06,v1.0,Draft,https://sharepoint.company.com/docs/OjpLgx.pdf
31e184c1,PRJ-013,NOC (No Objection Certificate),Sport house service,2024-10-07,v2.0,Draft,https://sharepoint.company.com/docs/nResXa.pdf
2aff8703,PRJ-047,MOU,Animal each near trip,2025-11-21,v3.0,Approved,https://sharepoint.company.com/docs/ElchlN.pdf
d921a628,PRJ-010,NOC (No Objection Certificate),Best significant magazine,2025-07-24,v3.0,Draft,https://sharepoint.company.com/docs/uzKSSa.pdf
1aee4fde,PRJ-013,Inspection Request,Police sell bad leg than,2024-06-18,v5.0,Under Review,https://sharepoint.company.com/docs/nWlstH.pdf
c8be93a6,PRJ-015,Contract Agreement,Travel loss head authority expect,2025-06-16,v4.0,Approved,https://sharepoint.company.com/docs/FtBNhh.pdf
e5dd61ae,PRJ-048,Safety Report,Laugh card cell whose town,2025-12-27,v5.0,Approved,https://sharepoint.company.com/docs/qdcNpQ.pdf
dc6d9ce2,PRJ-010,Meeting Minutes,Value dark phone nothing box,2025-10-07,v5.0,Obsolete,https://sharepoint.company.com/docs/nkhyQR.pdf
99ad7c9f,PRJ-035,Meeting Minutes,Concern recently national,2024-01-11,v2.0,Obsolete,https://sharepoint.company.com/docs/iRVWwl.pdf
5c66f44b,PRJ-020,Blueprint / Schematic,Pretty amount clearly,2024-09-17,v3.0,Under Review,https://sharepoint.company.com/docs/ohgBDK.pdf
8775347d,PRJ-020,Invoice,Cold hit quickly,2024-07-08,v5.0,Under Review,https://sharepoint.company.com/docs/gVWfzC.pdf
6ed981b5,PRJ-024,Safety Report,Some score in career,2025-12-15,v3.0,Under Review,https://sharepoint.company.com/docs/Malugv.pdf
41afda69,PRJ-008,Variation Order,It doctor administration,2025-02-05,v4.0,Under Review,https://sharepoint.company.com/docs/kcNKtf.pdf
f15cb210,PRJ-012,Safety Report,Decade tax executive purpose,2025-10-04,v3.0,Approved,https://sharepoint.company.com/docs/xYmeMH.pdf
aa2c9f6e,PRJ-020,Invoice,Agree follow floor month,2024-06-25,v5.0,Draft,https://sharepoint.company.com/docs/GukJsA.pdf
c81b77a4,PRJ-049,Inspection Request,Mean job particular anyone,2025-08-12,v1.0,Draft,https://sharepoint.company.com/docs/aJPUob.pdf
a8edda8d,PRJ-023,Contract Agreement,Store fund member,2025-12-22,v2.0,Draft,https://sharepoint.company.com/docs/uuTafF.pdf
a4285cc0,PRJ-029,Variation Order,Word drug rise nature north,2025-04-20,v3.0,Draft,https://sharepoint.company.com/docs/hSJpia.pdf
285bc262,PRJ-011,Meeting Minutes,Step eight,2025-05-12,v3.0,Draft,https://sharepoint.company.com/docs/BmyIbe.pdf
4d8780d0,PRJ-014,Meeting Minutes,Husband ask,2024-12-18,v5.0,Under Review,https://sharepoint.company.com/docs/REOTrE.pdf
75fcc658,PRJ-010,NOC (No Objection Certificate),Property even,2025-10-20,v4.0,Approved,https://sharepoint.company.com/docs/wZCKBG.pdf
a1792d9f,PRJ-045,Inspection Request,Clear western,2025-12-23,v2.0,Approved,https://sharepoint.company.com/docs/YqdCVQ.pdf
4c3a2b4e,PRJ-040,Variation Order,Range vote my price build,2025-09-15,v4.0,Draft,https://sharepoint.company.com/docs/dhgWrv.pdf
b1f8cc4c,PRJ-010,Inspection Request,Let indicate author team,2025-09-30,v1.0,Under Review,https://sharepoint.company.com/docs/irKzVb.pdf
273d432d,PRJ-037,Contract Agreement,Last fill,2025-09-24,v1.0,Under Review,https://sharepoint.company.com/docs/eEDWZc.pdf
34a48af8,PRJ-017,Contract Agreement,Above region glass discover laugh,2024-02-12,v5.0,Draft,https://sharepoint.company.com/docs/kCDQiu.pdf
9e055195,PRJ-028,NDA,Player popular consumer environmental,2024-11-17,v1.0,Under Review,https://sharepoint.company.com/docs/KJEYpx.pdf
75657945,PRJ-044,Meeting Minutes,People then couple,2026-01-14,v5.0,Under Review,https://sharepoint.company.com/docs/OUvSER.pdf
e6b137b4,PRJ-025,MOU,Air spring drug,2025-12-21,v5.0,Under Review,https://sharepoint.company.com/docs/GzQBmT.pdf
c40add0d,PRJ-026,MOU,Experience experience career lawyer,2025-10-26,v2.0,Approved,https://sharepoint.company.com/docs/LJouUW.pdf
2180bef6,PRJ-041,NDA,Owner network need,2024-12-06,v5.0,Under Review,https://sharepoint.company.com/docs/QDzkYj.pdf
fb0a364b,PRJ-020,Blueprint / Schematic,Store tax time,2024-08-01,v3.0,Under Review,https://sharepoint.company.com/docs/yOkdgA.pdf
c790396a,PRJ-030,NOC (No Objection Certificate),Bring reality,2025-12-02,v1.0,Obsolete,https://sharepoint.company.com/docs/ifxzSm.pdf
57e700aa,PRJ-008,Blueprint / Schematic,Win indeed husband,2025-03-29,v5.0,Approved,https://sharepoint.company.com/docs/ZHJAln.pdf
488728cb,PRJ-019,Invoice,Entire guy respond,2025-11-30,v5.0,Approved,https://sharepoint.company.com/docs/VPtnrs.pdf
7799ac15,PRJ-029,Meeting Minutes,Enter office fall nothing,2025-04-08,v2.0,Under Review,https://sharepoint.company.com/docs/EPskWf.pdf
c4adb29c,PRJ-046,MOU,Her media tonight,2024-08-09,v5.0,Draft,https://sharepoint.company.com/docs/ekNhhA.pdf
9c46808d,PRJ-031,Safety Report,Top produce explain,2025-06-24,v2.0,Under Review,https://sharepoint.company.com/docs/LMGClq.pdf
36e36bc9,PRJ-034,MOU,Peace think hear population speech,2024-01-10,v1.0,Obsolete,https://sharepoint.company.com/docs/xpadDu.pdf
fb485114,PRJ-047,Contract Agreement,Someone detail,2026-01-02,v3.0,Draft,https://sharepoint.company.com/docs/rEKlRp.pdf
d0117fee,PRJ-008,Variation Order,Commercial food cultural baby right,2024-10-19,v4.0,Under Review,https://sharepoint.company.com/docs/fiqztp.pdf
ae38d187,PRJ-022,NDA,Vote final seat write,2024-10-26,v3.0,Obsolete,https://sharepoint.company.com/docs/OerOAa.pdf
97206453,PRJ-022,Blueprint / Schematic,Box ago speak organization,2024-06-25,v2.0,Under Review,https://sharepoint.company.com/docs/ApVCtM.pdf
cc89edf2,PRJ-005,Variation Order,Million make,2023-06-25,v3.0,Obsolete,https://sharepoint.company.com/docs/SOcyva.pdf
44299f8c,PRJ-047,Blueprint / Schematic,Base ok bill too,2025-10-19,v4.0,Draft,https://sharepoint.company.com/docs/uaiUmf.pdf
411b1399,PRJ-041,NDA,Cost work,2024-12-23,v2.0,Draft,https://sharepoint.company.com/docs/kJZNIA.pdf
82ed9064,PRJ-006,NOC (No Objection Certificate),Police both common,2026-01-04,v4.0,Draft,https://sharepoint.company.com/docs/JzfqVS.pdf
5f368532,PRJ-023,NOC (No Objection Certificate),Sure peace,2025-12-15,v3.0,Obsolete,https://sharepoint.company.com/docs/WyNMOW.pdf
29f71926,PRJ-019,Meeting Minutes,Use positive,2025-12-25,v2.0,Obsolete,https://sharepoint.company.com/docs/sfrriq.pdf
390be8d6,PRJ-042,NDA,College relationship mouth institution,2025-10-13,v1.0,Under Review,https://sharepoint.company.com/docs/TwLxkH.pdf
ddfce905,PRJ-030,Blueprint / Schematic,Event wish process recently degree,2025-10-24,v3.0,Obsolete,https://sharepoint.company.com/docs/WFSWMG.pdf
570b2c06,PRJ-048,NDA,Material offer process over,2025-09-04,v2.0,Under Review,https://sharepoint.company.com/docs/InyCBb.pdf
19864475,PRJ-027,Blueprint / Schematic,Hard despite,2024-03-24,v5.0,Under Review,https://sharepoint.company.com/docs/rURIgu.pdf
d8d36103,PRJ-050,Blueprint / Schematic,Now window game,2023-05-11,v4.0,Obsolete,https://sharepoint.company.com/docs/ZBVbiH.pdf
68e9a079,PRJ-023,MOU,Plan him respond take industry,2025-10-26,v4.0,Under Review,https://sharepoint.company.com/docs/wtRDzb.pdf
cc153371,PRJ-037,Inspection Request,Beautiful become fact,2025-12-09,v4.0,Under Review,https://sharepoint.company.com/docs/ykQiyt.pdf
05f991d7,PRJ-015,Invoice,Take generation fall,2025-07-22,v3.0,Obsolete,https://sharepoint.company.com/docs/GwYMOo.pdf
561c177c,PRJ-043,Inspection Request,Song political like,2025-07-05,v2.0,Approved,https://sharepoint.company.com/docs/DWULvc.pdf
6ad7dd07,PRJ-047,NDA,Similar follow to magazine,2026-01-04,v5.0,Under Review,https://sharepoint.company.com/docs/qJZVZU.pdf
279b0e4f,PRJ-015,Meeting Minutes,Away color former stand,2025-09-12,v3.0,Obsolete,https://sharepoint.company.com/docs/JsADYL.pdf
7de4e475,PRJ-007,Variation Order,Significant system system open,2025-11-21,v2.0,Draft,https://sharepoint.company.com/docs/OlNrKR.pdf
53e7c5c4,PRJ-031,Invoice,Decade person many,2025-09-26,v4.0,Obsolete,https://sharepoint.company.com/docs/RLKNdj.pdf
845a91f2,PRJ-023,Variation Order,Especially join arrive energy,2025-08-29,v2.0,Approved,https://sharepoint.company.com/docs/fvKTfi.pdf
bd634026,PRJ-033,MOU,Like floor student myself,2025-03-08,v4.0,Obsolete,https://sharepoint.company.com/docs/eTmRME.pdf
2938ee5a,PRJ-008,Blueprint / Schematic,Expect audience capital its cold,2025-06-30,v5.0,Approved,https://sharepoint.company.com/docs/rdGwjb.pdf
43723353,PRJ-001,NDA,Baby money marriage many,2025-11-30,v3.0,Obsolete,https://sharepoint.company.com/docs/CjHlPy.pdf
d493137d,PRJ-009,Blueprint / Schematic,Probably reality American,2024-07-19,v4.0,Draft,https://sharepoint.company.com/docs/gTNeEf.pdf
33cc0e85,PRJ-033,Blueprint / Schematic,Article spring factor,2025-05-26,v2.0,Draft,https://sharepoint.company.com/docs/fHPtpA.pdf
0de17679,PRJ-034,NDA,Quality piece truth,2024-04-01,v1.0,Draft,https://sharepoint.company.com/docs/foEJId.pdf
080ad1f4,PRJ-027,Safety Report,Drive indeed right rich including,2023-07-26,v2.0,Under Review,https://sharepoint.company.com/docs/DYDDpA.pdf
60a23628,PRJ-046,NDA,Ground federal pay,2024-09-11,v4.0,Obsolete,https://sharepoint.company.com/docs/dnqGhN.pdf
4007c07a,PRJ-013,Invoice,Group school book,2025-02-23,v5.0,Obsolete,https://sharepoint.company.com/docs/diyNnK.pdf
d294f290,PRJ-037,Contract Agreement,Mr rule,2025-11-06,v3.0,Draft,https://sharepoint.company.com/docs/imSpmP.pdf
bec5e361,PRJ-049,Inspection Request,Find pressure,2023-11-18,v4.0,Draft,https://sharepoint.company.com/docs/uvVYbD.pdf
0471f6f8,PRJ-043,Meeting Minutes,Catch somebody add key,2025-03-11,v2.0,Under Review,https://sharepoint.company.com/docs/TguOhV.pdf
81cdb300,PRJ-031,Safety Report,Join blue view without,2025-10-09,v3.0,Approved,https://sharepoint.company.com/docs/sJpVqQ.pdf
d5d4d79a,PRJ-017,NDA,Law approach on approach note,2024-02-14,v4.0,Obsolete,https://sharepoint.company.com/docs/EkwkQc.pdf
c6654dc8,PRJ-010,Meeting Minutes,Medical deal left born,2025-06-17,v2.0,Under Review,https://sharepoint.company.com/docs/xIlIqH.pdf
977c530e,PRJ-049,NOC (No Objection Certificate),West feel owner weight himself,2025-11-28,v5.0,Obsolete,https://sharepoint.company.com/docs/UvNLeV.pdf
d1061f9b,PRJ-008,Variation Order,Prevent fall fear edge,2025-12-09,v5.0,Obsolete,https://sharepoint.company.com/docs/ujpLab.pdf
2b7cede7,PRJ-050,Contract Agreement,Their within these,2024-06-08,v1.0,Obsolete,https://sharepoint.company.com/docs/VHyFIx.pdf
0263cf5f,PRJ-035,MOU,Maybe like,2024-09-14,v4.0,Draft,https://sharepoint.company.com/docs/FMRwWc.pdf
60312fce,PRJ-017,NOC (No Objection Certificate),Voice security pattern send,2024-02-10,v5.0,Approved,https://sharepoint.company.com/docs/BFjWPv.pdf
80e5efcd,PRJ-002,Safety Report,Arm reality,2023-06-03,v2.0,Obsolete,https://sharepoint.company.com/docs/QeDETc.pdf
d9c1ef9d,PRJ-039,MOU,Amount easy including develop,2026-01-08,v3.0,Obsolete,https://sharepoint.company.com/docs/taVFLN.pdf
167a3ee0,PRJ-028,Inspection Request,Those glass food concern,2024-09-30,v3.0,Approved,https://sharepoint.company.com/docs/wsPlTG.pdf
33831088,PRJ-022,Blueprint / Schematic,Set senior majority,2024-10-14,v1.0,Obsolete,https://sharepoint.company.com/docs/GvfwRd.pdf
8564c133,PRJ-005,Contract Agreement,Audience grow life realize half,2024-11-03,v1.0,Obsolete,https://sharepoint.company.com/docs/ARAfAA.pdf
4d302957,PRJ-027,Safety Report,Not inside,2024-06-02,v1.0,Obsolete,https://sharepoint.company.com/docs/VpyqAO.pdf
5ed8d093,PRJ-003,Safety Report,Budget including tell author,2023-03-05,v3.0,Obsolete,https://sharepoint.company.com/docs/nLvAml.pdf
ee5cfbab,PRJ-028,Variation Order,Member health,2024-10-03,v5.0,Draft,https://sharepoint.company.com/docs/MzeLif.pdf
e74e7269,PRJ-045,Contract Agreement,Late school find style record,2025-10-05,v4.0,Obsolete,https://sharepoint.company.com/docs/yLFJtH.pdf
81e9684e,PRJ-017,Invoice,Paper impact cup occur upon,2024-06-28,v1.0,Obsolete,https://sharepoint.company.com/docs/dwkFOd.pdf
9219a03b,PRJ-001,Inspection Request,Congress girl nor,2025-11-03,v3.0,Draft,https://sharepoint.company.com/docs/fBqipa.pdf
67c61987,PRJ-041,MOU,True she book hospital win,2024-05-08,v5.0,Under Review,https://sharepoint.company.com/docs/WMfKGB.pdf
a6ce504d,PRJ-012,Variation Order,Student guy,2025-04-01,v4.0,Under Review,https://sharepoint.company.com/docs/woZyaA.pdf
69c94fc0,PRJ-015,Contract Agreement,Give like political,2025-04-08,v4.0,Draft,https://sharepoint.company.com/docs/wFDxzN.pdf
9ba4f510,PRJ-042,Meeting Minutes,Finally assume son they study,2025-12-18,v4.0,Approved,https://sharepoint.company.com/docs/TcnVkE.pdf
20a14880,PRJ-009,Inspection Request,Short company know,2023-12-05,v2.0,Draft,https://sharepoint.company.com/docs/SynVYu.pdf
c97be1ad,PRJ-021,Blueprint / Schematic,Stuff ball news real,2025-12-09,v4.0,Under Review,https://sharepoint.company.com/docs/japIaR.pdf
b41d12c5,PRJ-023,Contract Agreement,Forget program including catch attack,2025-11-09,v3.0,Under Review,https://sharepoint.company.com/docs/vmPQeT.pdf
29e053af,PRJ-017,Invoice,Several level somebody air,2024-02-01,v2.0,Obsolete,https://sharepoint.company.com/docs/nOzByz.pdf
f04259d3,PRJ-013,Blueprint / Schematic,Field compare available east increase,2024-12-06,v3.0,Under Review,https://sharepoint.company.com/docs/uLGrva.pdf
7dc82ba2,PRJ-039,Meeting Minutes,Any community professional everything year,2024-09-25,v4.0,Approved,https://sharepoint.company.com/docs/oFxnwO.pdf
a8ff9d12,PRJ-003,MOU,Choice economy gas,2023-05-15,v2.0,Obsolete,https://sharepoint.company.com/docs/SCSvAC.pdf
0c24c81f,PRJ-049,Variation Order,Approach idea lawyer,2023-12-13,v4.0,Obsolete,https://sharepoint.company.com/docs/dDYeiS.pdf
d9662bc6,PRJ-018,Contract Agreement,Factor my authority green son,2024-09-25,v4.0,Approved,https://sharepoint.company.com/docs/MGpGGk.pdf
12e6fb9d,PRJ-034,Variation Order,Building onto kid including,2024-07-10,v4.0,Approved,https://sharepoint.company.com/docs/KfpzUf.pdf
69f760ae,PRJ-050,Variation Order,Case total coach card,2025-01-28,v2.0,Draft,https://sharepoint.company.com/docs/ZWygKP.pdf
edd0a30f,PRJ-037,NOC (No Objection Certificate),Project agency tax capital figure,2025-11-08,v5.0,Approved,https://sharepoint.company.com/docs/qLXsmQ.pdf
bd87d303,PRJ-022,NOC (No Objection Certificate),Leader street would tell,2024-12-08,v4.0,Under Review,https://sharepoint.company.com/docs/eUpIIB.pdf
c6e5c9a5,PRJ-033,NOC (No Objection Certificate),Religious old,2025-04-24,v3.0,Under Review,https://sharepoint.company.com/docs/fSxMwU.pdf
300087dc,PRJ-007,Safety Report,Watch nor prepare,2025-05-18,v1.0,Approved,https://sharepoint.company.com/docs/VYWxWL.pdf
03e8685d,PRJ-023,Variation Order,Often expect,2026-01-11,v2.0,Approved,https://sharepoint.company.com/docs/jODbAy.pdf
abdde79c,PRJ-041,MOU,Important relationship manage,2024-04-27,v2.0,Under Review,https://sharepoint.company.com/docs/cCiaQi.pdf
3936f22e,PRJ-004,Blueprint / Schematic,Nearly near want,2024-04-12,v4.0,Under Review,https://sharepoint.company.com/docs/kaWKNB.pdf
fa7f14d6,PRJ-047,MOU,Kitchen want current,2025-10-13,v1.0,Approved,https://sharepoint.company.com/docs/CosXqG.pdf
5c91a2ee,PRJ-001,NDA,Low least beyond pick,2025-10-27,v5.0,Draft,https://sharepoint.company.com/docs/awzQuF.pdf
319c016c,PRJ-011,NDA,Impact long fish hospital late,2025-01-17,v3.0,Obsolete,https://sharepoint.company.com/docs/MpezqU.pdf
be21481a,PRJ-032,NOC (No Objection Certificate),Establish international near mouth,2025-10-28,v4.0,Under Review,https://sharepoint.company.com/docs/VpTQdW.pdf
6dc2e3a4,PRJ-019,Inspection Request,Buy sure form wonder carry,2025-12-16,v5.0,Draft,https://sharepoint.company.com/docs/LZlBAi.pdf
c700be38,PRJ-008,Contract Agreement,Thus rather nor middle figure,2025-05-15,v3.0,Approved,https://sharepoint.company.com/docs/fXsyhu.pdf
bbba9254,PRJ-031,Blueprint / Schematic,American audience,2025-08-28,v4.0,Approved,https://sharepoint.company.com/docs/LQdcCn.pdf
41f43f35,PRJ-012,Invoice,Kid serve discussion finally,2025-11-01,v2.0,Under Review,https://sharepoint.company.com/docs/FspzWK.pdf
f82bb285,PRJ-003,Invoice,Never everybody,2023-05-29,v4.0,Under Review,https://sharepoint.company.com/docs/ngKHuK.pdf
3812af8a,PRJ-023,NOC (No Objection Certificate),Body where glass,2025-10-30,v1.0,Draft,https://sharepoint.company.com/docs/iQIOqP.pdf
1a8335cb,PRJ-030,MOU,Whom on,2025-08-28,v5.0,Approved,https://sharepoint.company.com/docs/cmWwMt.pdf
4b36ed31,PRJ-036,Safety Report,Product executive stay,2024-02-03,v1.0,Under Review,https://sharepoint.company.com/docs/uKCNNV.pdf
aee8e8a2,PRJ-016,Contract Agreement,Set cause newspaper,2025-11-03,v2.0,Under Review,https://sharepoint.company.com/docs/TCRADy.pdf
63225384,PRJ-023,Invoice,Success model visit,2025-11-09,v1.0,Draft,https://sharepoint.company.com/docs/emXtbP.pdf
f94941a0,PRJ-040,MOU,Nearly move expert protect,2024-11-15,v4.0,Approved,https://sharepoint.company.com/docs/PmbHgG.pdf
b0c9eab0,PRJ-043,MOU,Professor plant their standard relationship,2025-05-18,v5.0,Approved,https://sharepoint.company.com/docs/lyWypG.pdf
1f56278d,PRJ-029,MOU,Value nice nearly bring,2025-04-23,v5.0,Approved,https://sharepoint.company.com/docs/ogeEGA.pdf
72f6ab54,PRJ-023,Meeting Minutes,Success manage or would,2025-08-28,v5.0,Obsolete,https://sharepoint.company.com/docs/YQJJMi.pdf
0f1f928f,PRJ-002,Variation Order,Most work know,2024-03-08,v1.0,Draft,https://sharepoint.company.com/docs/ZCrcwG.pdf
034ffced,PRJ-046,Inspection Request,Individual her major,2024-05-13,v2.0,Obsolete,https://sharepoint.company.com/docs/EhMPkr.pdf
2ccaa9cb,PRJ-045,Meeting Minutes,Food seek let country,2025-12-31,v5.0,Obsolete,https://sharepoint.company.com/docs/zsKAEq.pdf
bebeea42,PRJ-045,NDA,First laugh she,2026-01-20,v1.0,Obsolete,https://sharepoint.company.com/docs/wCUtZt.pdf
84a94794,PRJ-019,Safety Report,Certainly task cause information such,2026-01-16,v1.0,Approved,https://sharepoint.company.com/docs/MKdThH.pdf
eced079e,PRJ-040,Meeting Minutes,Standard fire,2025-03-13,v3.0,Under Review,https://sharepoint.company.com/docs/BEpYoI.pdf
6d85efcc,PRJ-014,NDA,Save manager also,2025-08-12,v3.0,Obsolete,https://sharepoint.company.com/docs/xdQAWI.pdf
33c83423,PRJ-015,Meeting Minutes,Same yeah teacher development,2024-12-20,v2.0,Obsolete,https://sharepoint.company.com/docs/BuSdlW.pdf
6da6c71e,PRJ-016,Variation Order,Eat personal,2025-02-15,v1.0,Under Review,https://sharepoint.company.com/docs/VVwymS.pdf
8a5ce7c2,PRJ-008,Safety Report,Character feel will growth everything,2025-03-18,v1.0,Under Review,https://sharepoint.company.com/docs/uCdveu.pdf
87cc9f07,PRJ-030,NDA,I movement account,2025-10-29,v2.0,Draft,https://sharepoint.company.com/docs/OmZkrR.pdf
76c7de99,PRJ-022,Inspection Request,Help professor,2024-10-24,v1.0,Draft,https://sharepoint.company.com/docs/VQyXkT.pdf
947b3f4a,PRJ-049,Meeting Minutes,When economy individual south,2025-09-15,v4.0,Obsolete,https://sharepoint.company.com/docs/nOEbnR.pdf
4773b37f,PRJ-050,NDA,Night know that control,2025-09-15,v2.0,Approved,https://sharepoint.company.com/docs/HgKmhY.pdf
9268c73d,PRJ-008,NDA,Bed some white,2025-12-30,v4.0,Under Review,https://sharepoint.company.com/docs/SoiGWS.pdf
ffb4fed3,PRJ-021,Inspection Request,Control drive often test,2025-11-27,v3.0,Draft,https://sharepoint.company.com/docs/gGxrvx.pdf
9ce81282,PRJ-001,Invoice,Five today thousand,2025-11-07,v3.0,Obsolete,https://sharepoint.company.com/docs/pfqXad.pdf
39832fbf,PRJ-036,NOC (No Objection Certificate),Data trip,2024-02-09,v2.0,Obsolete,https://sharepoint.company.com/docs/GjBEmu.pdf
4ef022e1,PRJ-046,NOC (No Objection Certificate),Often sense week growth,2024-08-12,v5.0,Obsolete,https://sharepoint.company.com/docs/gBYGLT.pdf
31d7ca7c,PRJ-050,NOC (No Objection Certificate),Single soldier arrive,2025-03-13,v3.0,Approved,https://sharepoint.company.com/docs/AlIAIu.pdf
35d7fe5d,PRJ-044,Inspection Request,Just anything quite,2025-10-16,v4.0,Under Review,https://sharepoint.company.com/docs/IlnbKk.pdf
854a518c,PRJ-007,Inspection Request,Social policy house usually professor,2025-04-18,v1.0,Obsolete,https://sharepoint.company.com/docs/znezmp.pdf
632f96e5,PRJ-037,Contract Agreement,Billion citizen,2025-09-09,v2.0,Obsolete,https://sharepoint.company.com/docs/zjGXap.pdf
4fc4c893,PRJ-038,NDA,Any stay exist though matter,2025-08-20,v2.0,Approved,https://sharepoint.company.com/docs/KfOfBZ.pdf
b515d58c,PRJ-002,Invoice,Teach quite director,2023-08-18,v3.0,Under Review,https://sharepoint.company.com/docs/gdTSgy.pdf
6e78efb9,PRJ-024,Blueprint / Schematic,World wife model,2025-12-06,v1.0,Draft,https://sharepoint.company.com/docs/xutesW.pdf
7426a754,PRJ-013,Meeting Minutes,Trial table her clear offer,2024-06-14,v4.0,Under Review,https://sharepoint.company.com/docs/eWgOaG.pdf
095088b5,PRJ-036,Meeting Minutes,Room similar section science,2023-10-20,v2.0,Draft,https://sharepoint.company.com/docs/Ydlyas.pdf
1a9971a4,PRJ-043,Inspection Request,Energy process current stop,2025-08-12,v2.0,Obsolete,https://sharepoint.company.com/docs/NgUyit.pdf
6a9a0de2,PRJ-030,NDA,Phone nation explain would,2025-10-06,v4.0,Obsolete,https://sharepoint.company.com/docs/ojeBwd.pdf
2722e695,PRJ-013,Contract Agreement,Similar occur get,2024-10-28,v3.0,Draft,https://sharepoint.company.com/docs/VqaDeZ.pdf
afe0558c,PRJ-012,Inspection Request,Series pattern hear college,2024-11-15,v5.0,Approved,https://sharepoint.company.com/docs/QQbwOV.pdf
71cb2ed8,PRJ-047,Safety Report,Education fund,2025-08-03,v5.0,Obsolete,https://sharepoint.company.com/docs/oQmXhF.pdf
c2a6b7be,PRJ-008,NOC (No Objection Certificate),Ground save at none,2024-11-13,v3.0,Approved,https://sharepoint.company.com/docs/ZJSksW.pdf
c872dee0,PRJ-011,Contract Agreement,Medical public nature,2024-08-01,v3.0,Approved,https://sharepoint.company.com/docs/wYPldG.pdf
70c3c87f,PRJ-015,Inspection Request,Natural build spring indicate,2025-09-14,v1.0,Under Review,https://sharepoint.company.com/docs/BkvcuW.pdf
fca252b1,PRJ-016,Meeting Minutes,Everything truth as,2024-03-20,v4.0,Draft,https://sharepoint.company.com/docs/MspdpS.pdf
c17357a6,PRJ-045,NOC (No Objection Certificate),Main outside sport,2025-10-09,v5.0,Under Review,https://sharepoint.company.com/docs/YpJoGs.pdf
ee7e7fec,PRJ-035,Safety Report,Loss hotel either,2024-08-18,v5.0,Under Review,https://sharepoint.company.com/docs/MLLrjU.pdf
864896a5,PRJ-016,Safety Report,Course world,2025-04-16,v3.0,Obsolete,https://sharepoint.company.com/docs/HAOqgs.pdf
d45958b6,PRJ-050,Invoice,Opportunity another floor,2025-09-15,v1.0,Obsolete,https://sharepoint.company.com/docs/bvdWrQ.pdf
1b163594,PRJ-027,Variation Order,Once student brother by,2024-04-26,v1.0,Draft,https://sharepoint.company.com/docs/nDFkgd.pdf
41d4f2ec,PRJ-027,Invoice,Occur discuss blue author,2023-05-05,v1.0,Draft,https://sharepoint.company.com/docs/hFqTab.pdf
64fcf169,PRJ-033,Variation Order,Quickly mean everyone way how,2025-01-03,v1.0,Draft,https://sharepoint.company.com/docs/RFWnEs.pdf
6085811b,PRJ-002,Safety Report,Kind despite,2023-09-02,v5.0,Obsolete,https://sharepoint.company.com/docs/yUdXsY.pdf
01b5c876,PRJ-027,NDA,Black ability job order may,2024-03-25,v4.0,Approved,https://sharepoint.company.com/docs/jwiYIR.pdf
4e5ef01f,PRJ-006,Safety Report,Ok similar bring,2025-10-17,v1.0,Under Review,https://sharepoint.company.com/docs/bizMXT.pdf
5f9b9139,PRJ-003,NOC (No Objection Certificate),Ready issue night,2023-07-05,v3.0,Obsolete,https://sharepoint.company.com/docs/JdnQVg.pdf
85f30a61,PRJ-030,Invoice,Least change,2025-12-03,v2.0,Draft,https://sharepoint.company.com/docs/PJepvp.pdf
281f972c,PRJ-001,Invoice,Stop water discover party activity,2025-12-17,v4.0,Approved,https://sharepoint.company.com/docs/NWwpMx.pdf
d96964d0,PRJ-032,Variation Order,Among president word could,2024-11-04,v5.0,Draft,https://sharepoint.company.com/docs/MZJDps.pdf
9e911519,PRJ-013,Invoice,Major rest lay forget road,2024-07-05,v2.0,Approved,https://sharepoint.company.com/docs/mRPCDc.pdf
9daf765d,PRJ-024,Blueprint / Schematic,Office indicate,2025-11-22,v5.0,Draft,https://sharepoint.company.com/docs/IeMtxY.pdf
9330d983,PRJ-009,Meeting Minutes,Watch do his sister,2024-09-19,v3.0,Under Review,https://sharepoint.company.com/docs/cQmXRq.pdf
e89501e5,PRJ-003,Variation Order,Must support oil two,2023-03-08,v3.0,Under Review,https://sharepoint.company.com/docs/HVbsZh.pdf
e23752ec,PRJ-034,MOU,Investment police three all,2024-04-22,v2.0,Approved,https://sharepoint.company.com/docs/TkZgRG.pdf
a968cfa8,PRJ-019,Meeting Minutes,Soon quality interesting type,2026-01-15,v2.0,Approved,https://sharepoint.company.com/docs/LgyuGD.pdf
4ee660ec,PRJ-023,Inspection Request,Budget enough,2025-09-22,v1.0,Approved,https://sharepoint.company.com/docs/vCJTAC.pdf
53e39c0e,PRJ-046,Variation Order,Reason near at why,2024-03-15,v2.0,Approved,https://sharepoint.company.com/docs/XLhkFW.pdf
88b60f2e,PRJ-004,Inspection Request,Happen possible election western old,2025-05-31,v4.0,Under Review,https://sharepoint.company.com/docs/NzbOHs.pdf
ad693ffe,PRJ-030,Meeting Minutes,Sing then cover require article,2025-07-29,v1.0,Obsolete,https://sharepoint.company.com/docs/YrnDAn.pdf
90c3a74b,PRJ-006,NOC (No Objection Certificate),Wife against start itself,2025-04-21,v1.0,Approved,https://sharepoint.company.com/docs/NqqJTg.pdf
01392099,PRJ-006,Variation Order,Second even,2025-06-17,v4.0,Approved,https://sharepoint.company.com/docs/YCxAcj.pdf
1f7f5fa4,PRJ-010,MOU,Risk fine,2025-07-03,v2.0,Approved,https://sharepoint.company.com/docs/XcCXMF.pdf
bd96ee99,PRJ-018,Invoice,Computer no product,2023-09-19,v1.0,Approved,https://sharepoint.company.com/docs/vVYtjD.pdf
42351ff8,PRJ-031,NDA,Represent office scientist chance tell,2025-10-28,v3.0,Approved,https://sharepoint.company.com/docs/hZPMES.pdf
a18dc7f4,PRJ-048,NDA,Yeah knowledge vote meet,2025-09-13,v1.0,Draft,https://sharepoint.company.com/docs/DJSQUp.pdf
0f518ea5,PRJ-011,NOC (No Objection Certificate),Could only receive great,2025-11-20,v5.0,Obsolete,https://sharepoint.company.com/docs/TLdYBS.pdf
52e5614a,PRJ-033,Inspection Request,Research ability play,2025-08-20,v2.0,Under Review,https://sharepoint.company.com/docs/EsoSbq.pdf
59a654e1,PRJ-027,MOU,West arrive family cut,2023-05-12,v5.0,Draft,https://sharepoint.company.com/docs/gARzFD.pdf
ffe9c994,PRJ-013,MOU,Just wrong,2025-03-12,v1.0,Under Review,https://sharepoint.company.com/docs/CKTVSD.pdf
bdc52126,PRJ-040,Invoice,Act them seven condition,2024-08-21,v2.0,Under Review,https://sharepoint.company.com/docs/SDkKUM.pdf
830022d1,PRJ-014,NDA,Pick main rest left career,2024-12-06,v5.0,Draft,https://sharepoint.company.com/docs/kCcjVw.pdf
6571bc7f,PRJ-047,Safety Report,Off five finally,2025-09-27,v4.0,Draft,https://sharepoint.company.com/docs/ArEivA.pdf
ce90ecde,PRJ-037,Invoice,Writer mention wonder and,2025-09-16,v5.0,Draft,https://sharepoint.company.com/docs/nBNbzS.pdf
b3f3a850,PRJ-032,Inspection Request,Allow spend hotel ask,2024-10-13,v3.0,Obsolete,https://sharepoint.company.com/docs/qbSNEo.pdf
caffa02a,PRJ-022,Blueprint / Schematic,Spring Republican,2024-02-17,v5.0,Draft,https://sharepoint.company.com/docs/yCBzus.pdf
bc62dcd3,PRJ-006,Contract Agreement,Everyone physical present,2025-11-13,v1.0,Obsolete,https://sharepoint.company.com/docs/SAKrov.pdf
f76094b9,PRJ-004,Meeting Minutes,Seat tree letter program,2024-09-10,v5.0,Obsolete,https://sharepoint.company.com/docs/xJepHc.pdf
1da16f4f,PRJ-042,Safety Report,Her southern tax,2025-10-01,v3.0,Approved,https://sharepoint.company.com/docs/WPJysw.pdf
68a49e85,PRJ-034,Contract Agreement,Firm air,2023-11-29,v4.0,Obsolete,https://sharepoint.company.com/docs/aVwQxF.pdf
280c6ba2,PRJ-015,Variation Order,Watch already huge manage something,2024-12-19,v5.0,Obsolete,https://sharepoint.company.com/docs/sfiXmv.pdf
d9d252c1,PRJ-043,Variation Order,Operation pretty usually fish however,2025-11-19,v1.0,Under Review,https://sharepoint.company.com/docs/jzpuBb.pdf
55b09d8f,PRJ-042,Meeting Minutes,As beautiful song week,2025-08-04,v1.0,Obsolete,https://sharepoint.company.com/docs/WCSxeL.pdf
401e694d,PRJ-006,Meeting Minutes,Free at without lawyer cup,2025-05-20,v1.0,Obsolete,https://sharepoint.company.com/docs/WqZvHP.pdf
fe5b910d,PRJ-025,Inspection Request,Institution city culture especially,2025-08-25,v4.0,Under Review,https://sharepoint.company.com/docs/WfzrRy.pdf
b32d788a,PRJ-050,Blueprint / Schematic,Show eat speech camera,2023-09-01,v1.0,Approved,https://sharepoint.company.com/docs/RYqXCc.pdf
faf00443,PRJ-043,Inspection Request,Blue month,2025-12-15,v2.0,Approved,https://sharepoint.company.com/docs/gkLUCe.pdf
0b26c339,PRJ-047,MOU,Over whose economy language so,2025-11-25,v2.0,Approved,https://sharepoint.company.com/docs/tJQWPU.pdf
66dfa3f5,PRJ-003,Blueprint / Schematic,Body senior own across add,2023-04-15,v5.0,Under Review,https://sharepoint.company.com/docs/buGIZL.pdf
da4eb8b0,PRJ-021,NDA,Among building administration describe Republican,2026-01-25,v4.0,Under Review,https://sharepoint.company.com/docs/bvcJVh.pdf
f2e943a9,PRJ-009,NDA,Game political result,2023-04-08,v3.0,Under Review,https://sharepoint.company.com/docs/QBZZLL.pdf
1b0c9ecf,PRJ-008,Contract Agreement,Yourself best reduce,2024-10-11,v2.0,Draft,https://sharepoint.company.com/docs/KtAbiO.pdf
e14e1a14,PRJ-019,Variation Order,Town while stop,2025-11-19,v2.0,Under Review,https://sharepoint.company.com/docs/XqjGhj.pdf
58c267b7,PRJ-006,Variation Order,Model couple since appear stand,2025-12-03,v5.0,Under Review,https://sharepoint.company.com/docs/rNGJYq.pdf
2c12e2d6,PRJ-009,Blueprint / Schematic,Above official a difference,2024-06-05,v3.0,Under Review,https://sharepoint.company.com/docs/UqVBxA.pdf
df27ecff,PRJ-044,Variation Order,Service hospital make,2025-09-21,v4.0,Under Review,https://sharepoint.company.com/docs/GOgnbs.pdf
3c30e1ea,PRJ-030,Inspection Request,Now send fact beyond,2025-11-02,v3.0,Obsolete,https://sharepoint.company.com/docs/rwcHyj.pdf
9044175b,PRJ-041,NOC (No Objection Certificate),Couple thought shoulder suggest,2025-12-16,v2.0,Under Review,https://sharepoint.company.com/docs/bEjrUJ.pdf
eab6f29d,PRJ-027,NOC (No Objection Certificate),Including throughout prove,2024-04-08,v2.0,Draft,https://sharepoint.company.com/docs/KxXxFq.pdf
81052f6f,PRJ-050,MOU,Reach talk,2024-09-14,v1.0,Under Review,https://sharepoint.company.com/docs/mKptcH.pdf
d0c9c878,PRJ-014,Meeting Minutes,Subject push listen,2025-05-07,v1.0,Draft,https://sharepoint.company.com/docs/HwKIGh.pdf
9ca64d0e,PRJ-040,Variation Order,Health party concern professor,2025-09-03,v5.0,Draft,https://sharepoint.company.com/docs/MAZjDB.pdf
6a10bffc,PRJ-007,Meeting Minutes,Door south like discuss effect,2025-12-28,v4.0,Under Review,https://sharepoint.company.com/docs/InNVMT.pdf
fd78a7da,PRJ-038,NDA,Strong start single allow,2025-10-12,v4.0,Approved,https://sharepoint.company.com/docs/YiGbfD.pdf
06d827c7,PRJ-035,Blueprint / Schematic,Candidate fast test adult,2025-01-22,v1.0,Obsolete,https://sharepoint.company.com/docs/VyQWKs.pdf
5d6089ea,PRJ-019,Invoice,Everyone yes stuff,2025-12-07,v5.0,Approved,https://sharepoint.company.com/docs/sSpNeb.pdf
3d036a63,PRJ-006,NOC (No Objection Certificate),Still issue production,2025-12-17,v2.0,Under Review,https://sharepoint.company.com/docs/BDKOdB.pdf
bea3fa4b,PRJ-033,Variation Order,Likely position career,2025-06-24,v4.0,Under Review,https://sharepoint.company.com/docs/dTgfQd.pdf
826147aa,PRJ-016,Safety Report,East life newspaper,2024-09-21,v2.0,Approved,https://sharepoint.company.com/docs/zbYfPI.pdf
c92d5726,PRJ-050,Safety Report,Send popular could value usually,2025-03-29,v2.0,Obsolete,https://sharepoint.company.com/docs/jiunLo.pdf
20ce5ad0,PRJ-008,Meeting Minutes,Those manage late consider,2026-01-03,v5.0,Obsolete,https://sharepoint.company.com/docs/DqxCRv.pdf
a88ae43a,PRJ-008,Invoice,Moment general behavior very example,2024-10-19,v1.0,Under Review,https://sharepoint.company.com/docs/tBcoTy.pdf
d3bd2099,PRJ-020,NDA,Represent move my measure,2024-06-07,v1.0,Under Review,https://sharepoint.company.com/docs/tlZYbW.pdf
764d95ed,PRJ-031,Safety Report,Too personal this sign,2025-09-24,v5.0,Under Review,https://sharepoint.company.com/docs/pxQGYM.pdf
0e548df8,PRJ-038,MOU,Office weight stop radio,2025-09-29,v3.0,Under Review,https://sharepoint.company.com/docs/lHvpiP.pdf
f92d66a5,PRJ-032,Variation Order,Financial ball information professor,2025-11-30,v5.0,Under Review,https://sharepoint.company.com/docs/PELsAV.pdf
aa1d147a,PRJ-042,NOC (No Objection Certificate),Mind seven,2025-10-23,v4.0,Draft,https://sharepoint.company.com/docs/HYBnTA.pdf
398e23f9,PRJ-041,Variation Order,For responsibility sister foreign size,2025-09-06,v1.0,Approved,https://sharepoint.company.com/docs/iTehTJ.pdf
3acac271,PRJ-047,Safety Report,Forward piece beautiful exactly degree,2025-10-02,v4.0,Under Review,https://sharepoint.company.com/docs/FKBizR.pdf
955a8d3d,PRJ-031,NOC (No Objection Certificate),Third good she none,2025-06-09,v5.0,Draft,https://sharepoint.company.com/docs/NFRDKf.pdf
a1b4a70e,PRJ-023,Invoice,Special some after,2026-01-02,v2.0,Approved,https://sharepoint.company.com/docs/JTPhbY.pdf
2d8b3b53,PRJ-030,Safety Report,Stage property other house,2025-07-02,v4.0,Approved,https://sharepoint.company.com/docs/ufuFuL.pdf
952b3d41,PRJ-049,Safety Report,North huge,2024-12-23,v3.0,Obsolete,https://sharepoint.company.com/docs/gOSYQZ.pdf
00668ea0,PRJ-001,NDA,Piece good reason,2025-09-16,v5.0,Under Review,https://sharepoint.company.com/docs/lrkQlE.pdf
b1383d33,PRJ-048,Safety Report,When interest region campaign father,2025-10-21,v4.0,Under Review,https://sharepoint.company.com/docs/HmcwhD.pdf
be3176a0,PRJ-026,Meeting Minutes,Ask present ten eight,2025-04-22,v2.0,Obsolete,https://sharepoint.company.com/docs/WpuoBD.pdf
7beb76a2,PRJ-011,Meeting Minutes,Know economy reveal star,2025-05-31,v4.0,Obsolete,https://sharepoint.company.com/docs/yZXvIE.pdf
11d13c8a,PRJ-001,Meeting Minutes,Federal positive,2025-11-15,v4.0,Approved,https://sharepoint.company.com/docs/CMfqaE.pdf
af8b8fb1,PRJ-018,Meeting Minutes,Consumer member western include wait,2025-01-26,v3.0,Approved,https://sharepoint.company.com/docs/KMcEqz.pdf
698ca52b,PRJ-008,NDA,Several strategy event charge suddenly,2025-07-14,v1.0,Draft,https://sharepoint.company.com/docs/VfDhWk.pdf
63da32e8,PRJ-041,Blueprint / Schematic,Matter special site save,2024-09-17,v5.0,Approved,https://sharepoint.company.com/docs/njwWmy.pdf
e2321d9e,PRJ-050,Meeting Minutes,For knowledge save here,2025-10-10,v2.0,Obsolete,https://sharepoint.company.com/docs/nuUaEJ.pdf
a9438200,PRJ-002,Safety Report,Compare read present father,2024-03-06,v5.0,Under Review,https://sharepoint.company.com/docs/DyrUAV.pdf
2ef437db,PRJ-047,Variation Order,Because participant police parent,2025-12-07,v2.0,Obsolete,https://sharepoint.company.com/docs/QzQpgX.pdf
f64a4a5d,PRJ-041,Variation Order,Free recently eight oil,2025-04-25,v5.0,Obsolete,https://sharepoint.company.com/docs/WcLueO.pdf
e3802397,PRJ-043,NOC (No Objection Certificate),Design admit present cut,2025-10-24,v4.0,Obsolete,https://sharepoint.company.com/docs/jThYdw.pdf
0e75e4ab,PRJ-032,Blueprint / Schematic,Member thank whole special,2025-12-31,v5.0,Obsolete,https://sharepoint.company.com/docs/PdtGgf.pdf
c3e0b99b,PRJ-033,Meeting Minutes,Them reach live,2025-01-06,v2.0,Obsolete,https://sharepoint.company.com/docs/OQOpMA.pdf
