entry_id,task_id,employee_id,date,hours_logged,description,is_billable,status
ec02876a,TSK-PRJ-019-010,EMP-0237,2025-11-20,4,Thought she other oil name key light.,True,Approved
844ee710,TSK-PRJ-019-010,EMP-0237,2025-11-13,2,Once show listen worry really turn.,True,Approved
ee31d84f,TSK-PRJ-019-010,EMP-0237,2025-11-21,8,For region consumer.,True,Approved
0cb449df,TSK-PRJ-021-007,EMP-0153,2029-07-26,4,Off describe receive.,False,Approved
641ecb5e,TSK-PRJ-033-011,EMP-0018,2024-09-28,4,Occur likely energy after ask its.,True,Approved
1363daf8,TSK-PRJ-036-016,EMP-0079,2023-12-04,1,Matter base career parent attack.,True,Approved
a569ebd9,TSK-PRJ-036-016,EMP-0079,2023-11-27,2,As opportunity someone send list.,True,Approved
5603df5b,TSK-PRJ-024-009,EMP-0059,2025-11-20,8,Outside choice realize gun can national.,True,Approved
de9fd5e5,TSK-PRJ-013-029,EMP-0196,2025-05-13,1,Crime six character challenge sing.,True,Approved
cc20fa5e,TSK-PRJ-013-029,EMP-0196,2025-05-04,4,Ground century take money.,True,Approved
e4ce4b2a,TSK-PRJ-013-029,EMP-0196,2025-05-12,8,Go town power feel.,True,Approved
4f4f3cf0,TSK-PRJ-022-002,EMP-0099,2024-06-16,4,Entire everybody growth almost range to.,True,Approved
ec5d7929,TSK-PRJ-022-002,EMP-0099,2024-06-18,2,Your we rise.,True,Approved
ef43e918,TSK-PRJ-033-019,EMP-0016,2025-01-06,1,Lose idea financial very go agent.,True,Approved
a687d7c8,TSK-PRJ-033-019,EMP-0016,2025-02-05,2,Floor action ability.,True,Approved
6ba3bc80,TSK-PRJ-027-004,EMP-0185,2024-03-18,8,Organization sound employee matter bag deep.,True,Approved
8c4d3864,TSK-PRJ-027-004,EMP-0185,2024-03-18,1,Heavy store skill fast several.,True,Approved
4ce3a5b3,TSK-PRJ-027-004,EMP-0185,2024-03-14,8,Kind season impact director well.,True,Approved
27fdd5ff,TSK-PRJ-014-001,EMP-0105,2027-02-28,1,Turn color boy understand general.,True,Approved
34eca6ca,TSK-PRJ-014-001,EMP-0105,2027-02-08,4,Though material explain finish follow clearly.,True,Approved
e8854934,TSK-PRJ-048-010,EMP-0050,2027-07-22,8,Education candidate indicate.,True,Approved
a43f9e0b,TSK-PRJ-048-010,EMP-0050,2027-07-22,8,Interview organization especially we main door.,True,Approved
9277cb39,TSK-PRJ-048-010,EMP-0050,2027-07-23,1,Seem very oil paper behavior seem.,False,Approved
638cc8e0,TSK-PRJ-048-010,EMP-0050,2027-07-22,1,Half pass population money model.,True,Approved
987907de,TSK-PRJ-005-017,EMP-0209,2026-03-18,8,Total the laugh each son.,True,Approved
432f8d68,TSK-PRJ-005-017,EMP-0209,2026-02-27,4,When reveal usually ask.,False,Approved
51f439e0,TSK-PRJ-005-017,EMP-0209,2026-02-10,4,Fund economy live everyone.,True,Approved
24401bef,TSK-PRJ-040-025,EMP-0042,2025-08-17,1,Medical middle know himself.,True,Approved
9eef921c,TSK-PRJ-010-009,EMP-0012,2025-07-18,2,Until series strategy.,True,Approved
97b66ddf,TSK-PRJ-040-004,EMP-0182,2025-11-12,2,Summer determine room sport American single.,True,Approved
51d725af,TSK-PRJ-040-004,EMP-0182,2025-10-23,2,Go box discover focus.,True,Approved
bab72376,TSK-PRJ-034-013,EMP-0022,2023-11-30,8,Attack difference field continue impact teacher.,True,Approved
303ddadd,TSK-PRJ-020-006,EMP-0228,2024-10-14,8,Doctor visit travel simple several from.,True,Approved
31db1398,TSK-PRJ-010-022,EMP-0068,2025-06-05,1,Partner line usually start provide.,False,Approved
cf805dce,TSK-PRJ-010-022,EMP-0068,2025-06-05,2,Mean room build idea.,True,Approved
7d21b934,TSK-PRJ-040-010,EMP-0035,2025-05-05,4,Foot likely prepare need sing skill worker.,False,Approved
3f5f7fdc,TSK-PRJ-036-017,EMP-0196,2023-11-23,2,Onto light detail.,True,Approved
3f4c5fb5,TSK-PRJ-036-017,EMP-0196,2023-11-23,1,Suffer in notice price yet.,True,Approved
55c1082f,TSK-PRJ-036-017,EMP-0196,2023-11-23,8,Social senior rather.,True,Approved
a96914f6,TSK-PRJ-036-017,EMP-0196,2023-11-23,2,Kitchen cell hundred.,False,Approved
fd55a15a,TSK-PRJ-036-017,EMP-0196,2023-11-23,2,Rather admit kid.,False,Approved
f3172b9f,TSK-PRJ-036-004,EMP-0124,2023-12-13,1,If challenge might.,True,Approved
0404e4c3,TSK-PRJ-036-004,EMP-0124,2023-12-15,4,Perform provide scene international building.,True,Approved
95848ad4,TSK-PRJ-011-009,EMP-0171,2024-01-29,1,Style whatever watch kind everyone point.,False,Approved
971e940c,TSK-PRJ-011-009,EMP-0171,2024-02-16,1,Leave alone media may according forget.,True,Approved
8cf57403,TSK-PRJ-011-009,EMP-0171,2024-01-01,4,Hair score full.,True,Approved
8585db00,TSK-PRJ-011-009,EMP-0171,2024-03-01,8,That watch almost law.,True,Approved
309c19fb,TSK-PRJ-011-009,EMP-0171,2023-11-05,4,Impact indeed consider.,False,Approved
635c4457,TSK-PRJ-025-006,EMP-0102,2026-08-21,8,Drug last agreement use low want.,True,Approved
e09ea49d,TSK-PRJ-025-006,EMP-0102,2026-08-26,8,Side born without rise color be.,False,Approved
00a54e3e,TSK-PRJ-025-006,EMP-0102,2026-08-29,2,Read not stock more most.,False,Approved
aef7c60b,TSK-PRJ-025-006,EMP-0102,2026-08-18,8,Daughter team sing several up interest.,False,Approved
6cf1f228,TSK-PRJ-023-006,EMP-0109,2026-04-05,8,Project animal human lose yet.,False,Approved
c8df9c54,TSK-PRJ-023-006,EMP-0109,2026-04-10,8,Same send force beyond.,True,Approved
c1d8d365,TSK-PRJ-023-006,EMP-0109,2026-04-02,8,Loss probably government activity although.,False,Approved
bfaeca43,TSK-PRJ-029-014,EMP-0184,2027-03-17,8,Prepare scene nature ago music floor.,True,Approved
36132f0b,TSK-PRJ-029-014,EMP-0184,2027-03-17,8,Machine factor growth line chance.,True,Approved
f0f27500,TSK-PRJ-029-014,EMP-0184,2027-03-27,4,Administration experience have.,False,Approved
efb2a181,TSK-PRJ-029-014,EMP-0184,2027-04-09,1,Oil bring her mission.,True,Approved
d2779fe5,TSK-PRJ-029-014,EMP-0184,2027-03-07,8,Beat play picture.,False,Approved
48d7234c,TSK-PRJ-005-005,EMP-0156,2023-05-19,2,Relate key pressure.,True,Approved
d44a5f1d,TSK-PRJ-005-005,EMP-0156,2023-05-14,1,Friend feeling we network.,True,Approved
05ea20c5,TSK-PRJ-005-005,EMP-0156,2023-05-15,2,Them number race unit his.,True,Approved
3df37555,TSK-PRJ-005-005,EMP-0156,2023-05-21,2,Join give receive time station.,False,Approved
c9dbd387,TSK-PRJ-002-014,EMP-0090,2023-10-19,2,Deep design fall cell clearly.,True,Approved
ea92ed68,TSK-PRJ-002-014,EMP-0090,2023-10-27,4,Machine model determine.,False,Approved
c5d5b54c,TSK-PRJ-002-014,EMP-0090,2023-10-27,1,That property end positive.,True,Approved
b5cf3e9d,TSK-PRJ-002-014,EMP-0090,2023-11-07,1,Husband easy parent side role.,False,Approved
e83d0e3e,TSK-PRJ-009-002,EMP-0025,2025-05-17,8,Adult reduce their right test myself.,False,Approved
d798608f,TSK-PRJ-009-002,EMP-0025,2025-05-21,2,Bit act offer body join.,True,Approved
72a42452,TSK-PRJ-009-002,EMP-0025,2025-05-24,1,Available station weight may.,False,Approved
6802514c,TSK-PRJ-013-001,EMP-0233,2025-04-09,1,Treat bill throw discover phone family.,True,Approved
188ee0bf,TSK-PRJ-013-001,EMP-0233,2025-04-09,8,Area herself for until his.,True,Approved
1c988c32,TSK-PRJ-013-001,EMP-0233,2025-04-10,8,Tend despite blue.,True,Approved
73d25793,TSK-PRJ-021-018,EMP-0186,2029-01-19,2,Common term skill want once.,True,Approved
9598aab4,TSK-PRJ-021-018,EMP-0186,2029-01-22,2,Major hair new piece.,True,Approved
738bd624,TSK-PRJ-023-014,EMP-0192,2025-10-13,4,Letter discuss determine.,False,Approved
eece61db,TSK-PRJ-023-014,EMP-0192,2025-10-13,2,Already everyone him want bar.,True,Approved
6ada3e53,TSK-PRJ-023-014,EMP-0192,2025-10-12,2,Already enter she have involve.,True,Approved
a8db68f8,TSK-PRJ-023-014,EMP-0192,2025-10-12,1,Science century total increase other rock.,False,Approved
ac54af27,TSK-PRJ-020-003,EMP-0083,2024-07-22,8,Sometimes boy despite room leg and.,True,Approved
6db6dd4c,TSK-PRJ-020-003,EMP-0083,2024-07-22,8,Again country natural.,True,Approved
6465b541,TSK-PRJ-020-003,EMP-0083,2024-07-21,4,Save fine community little indicate.,True,Approved
a8eeee1b,TSK-PRJ-039-027,EMP-0039,2027-04-26,1,Financial end several.,True,Approved
6f71d28a,TSK-PRJ-039-027,EMP-0039,2027-03-15,4,Couple course choice.,False,Approved
8e96ac56,TSK-PRJ-039-027,EMP-0039,2027-03-23,1,Century war rest story.,True,Approved
1f75214a,TSK-PRJ-039-027,EMP-0039,2027-03-09,8,General successful offer goal upon.,True,Approved
c5d1be1f,TSK-PRJ-039-027,EMP-0039,2027-05-12,8,Term fund happy.,False,Approved
e79ce3e5,TSK-PRJ-015-003,EMP-0181,2026-08-29,8,Positive moment commercial actually.,True,Approved
642bafb0,TSK-PRJ-015-003,EMP-0181,2026-06-23,2,Day allow professional prevent.,False,Approved
1af64451,TSK-PRJ-015-003,EMP-0181,2026-07-04,1,Charge like later during.,True,Approved
ea77c46c,TSK-PRJ-015-003,EMP-0181,2026-08-11,4,Keep its pass treatment soldier.,True,Approved
d832b435,TSK-PRJ-011-008,EMP-0051,2025-01-11,8,Several Mr land relationship.,True,Approved
26ab1eb4,TSK-PRJ-011-008,EMP-0051,2025-01-10,4,Face parent create authority indicate get.,True,Approved
ddc7fbf2,TSK-PRJ-011-008,EMP-0051,2025-01-11,1,Important end spring white above.,False,Approved
a62db9df,TSK-PRJ-011-008,EMP-0051,2025-01-10,2,Today position decide cost course.,True,Approved
b613e519,TSK-PRJ-011-008,EMP-0051,2025-01-08,8,Them low others game.,True,Approved
8df8d56c,TSK-PRJ-026-001,EMP-0187,2025-03-06,1,Develop current pressure somebody professor thought.,True,Approved
65e42fe8,TSK-PRJ-026-001,EMP-0187,2025-03-06,8,Evidence stand church interest Mrs.,True,Approved
80300bac,TSK-PRJ-026-001,EMP-0187,2025-03-06,4,Student scene pass them western author.,True,Approved
ab0be82a,TSK-PRJ-015-006,EMP-0015,2025-03-16,1,Nor name behind machine.,False,Approved
51490bee,TSK-PRJ-015-006,EMP-0015,2025-03-14,1,Sound again help international matter suffer.,True,Approved
0f423f8a,TSK-PRJ-024-006,EMP-0057,2026-05-05,1,However week improve writer.,True,Approved
dce20a2b,TSK-PRJ-024-006,EMP-0057,2026-05-05,2,Need painting certain type front point.,False,Approved
de6b51a5,TSK-PRJ-024-006,EMP-0057,2026-05-06,4,Which between society each amount.,False,Approved
87848ab0,TSK-PRJ-024-006,EMP-0057,2026-05-06,4,Almost follow lose party.,True,Approved
6509ff92,TSK-PRJ-050-007,EMP-0064,2025-01-23,2,Remember this ask.,False,Approved
de04aa49,TSK-PRJ-050-007,EMP-0064,2025-01-21,4,Most industry hear wonder Democrat.,True,Approved
8ea195d7,TSK-PRJ-031-012,EMP-0116,2025-08-26,1,Box among west likely.,True,Approved
f941e86e,TSK-PRJ-044-003,EMP-0013,2026-03-23,8,Bar exactly culture adult people.,True,Approved
06b2d29c,TSK-PRJ-044-003,EMP-0013,2026-03-23,8,Game so professor.,True,Approved
7b7cfb7f,TSK-PRJ-028-004,EMP-0203,2025-09-22,8,Plan world very.,True,Approved
538cbdcb,TSK-PRJ-040-022,EMP-0106,2024-09-21,8,Perhaps respond successful pattern as.,True,Approved
1e011875,TSK-PRJ-040-022,EMP-0106,2024-09-21,8,Vote check six debate career.,False,Approved
f6cd5a04,TSK-PRJ-040-022,EMP-0106,2024-09-21,2,Eight born or table eat.,True,Approved
5e29fac0,TSK-PRJ-040-022,EMP-0106,2024-09-21,2,Doctor be Mr skin.,True,Approved
8bcbc7d2,TSK-PRJ-009-003,EMP-0025,2023-10-17,8,Arm sport story.,True,Approved
45044404,TSK-PRJ-009-003,EMP-0025,2023-10-22,8,Describe in out model long.,True,Approved
a64a0cf0,TSK-PRJ-009-003,EMP-0025,2023-10-17,8,Possible exactly truth name music.,False,Approved
dfdf7727,TSK-PRJ-006-020,EMP-0248,2026-04-22,2,Section wide pay approach could kitchen.,False,Approved
e0f9eeb1,TSK-PRJ-006-020,EMP-0248,2026-04-22,8,Soldier she yard.,True,Approved
48627ff2,TSK-PRJ-006-020,EMP-0248,2026-04-22,8,Decide body serious pull.,True,Approved
04b4fa56,TSK-PRJ-006-020,EMP-0248,2026-04-22,4,Any fine all.,False,Approved
ebd9539b,TSK-PRJ-038-026,EMP-0012,2026-03-20,1,Force according very coach.,True,Approved
0df78c97,TSK-PRJ-038-026,EMP-0012,2026-02-04,1,Debate writer sea candidate hit study.,True,Approved
18308f4c,TSK-PRJ-038-026,EMP-0012,2026-02-10,8,Appear near choose black.,True,Approved
72e9ac5d,TSK-PRJ-038-026,EMP-0012,2026-01-25,8,Own old first.,True,Approved
c32d497b,TSK-PRJ-026-006,EMP-0183,2026-01-29,2,Page PM gun.,False,Approved
b5b2446a,TSK-PRJ-026-006,EMP-0183,2026-01-20,4,Accept stop sport.,False,Approved
cf000651,TSK-PRJ-026-006,EMP-0183,2026-01-14,4,Point church individual difficult.,False,Approved
6ea48d19,TSK-PRJ-015-014,EMP-0204,2026-04-12,1,Gun enough dream war.,True,Approved
edaf3b1d,TSK-PRJ-015-014,EMP-0204,2026-03-22,2,Situation heavy yes approach increase score.,False,Approved
2ae87613,TSK-PRJ-015-014,EMP-0204,2026-03-10,1,Hand knowledge kitchen ball.,True,Approved
788792b7,TSK-PRJ-015-014,EMP-0204,2026-04-06,4,Marriage court campaign.,True,Approved
ee1263bb,TSK-PRJ-015-014,EMP-0204,2026-04-25,2,Suggest manage society shoulder clear world.,True,Approved
e9a5aa16,TSK-PRJ-048-016,EMP-0170,2026-01-11,8,Person travel under organization research husband.,True,Approved
19400fb9,TSK-PRJ-048-016,EMP-0170,2026-01-31,2,Wife fish whatever behavior election rich.,True,Approved
ce53cccf,TSK-PRJ-048-016,EMP-0170,2026-01-01,8,Find hair figure indicate describe trip.,False,Approved
bdb6e680,TSK-PRJ-048-016,EMP-0170,2026-01-05,8,Time those enough of two radio.,False,Approved
e79a2e24,TSK-PRJ-048-016,EMP-0170,2026-01-15,1,Pressure myself little sport court.,False,Approved
fb006331,TSK-PRJ-017-017,EMP-0209,2024-09-06,4,Value idea trade.,True,Approved
34cfd7b1,TSK-PRJ-043-023,EMP-0098,2027-05-15,2,Box public later.,True,Approved
aa279626,TSK-PRJ-043-023,EMP-0098,2027-05-22,2,Place practice lawyer ahead each fish.,True,Approved
d6ad4e6f,TSK-PRJ-043-023,EMP-0098,2027-05-28,4,Employee air now program system.,True,Approved
db14e950,TSK-PRJ-032-013,EMP-0005,2027-10-17,2,Sit reveal report.,True,Approved
26078820,TSK-PRJ-032-013,EMP-0005,2027-10-03,1,Avoid inside exactly even.,False,Approved
a929b118,TSK-PRJ-032-013,EMP-0005,2027-10-15,4,Structure effect your.,True,Approved
65503df5,TSK-PRJ-032-013,EMP-0005,2027-09-27,1,Certain travel month camera weight.,True,Approved
fe277243,TSK-PRJ-014-005,EMP-0190,2025-04-11,2,Call available bad turn.,True,Approved
84bdb077,TSK-PRJ-014-005,EMP-0190,2025-04-20,1,Speak best reduce party draw try.,False,Approved
108b90e6,TSK-PRJ-014-005,EMP-0190,2025-04-28,1,Expert either could understand better item.,True,Approved
0271d199,TSK-PRJ-014-005,EMP-0190,2025-04-21,2,Almost food start billion real.,False,Approved
edaee0a6,TSK-PRJ-014-005,EMP-0190,2025-04-18,2,Use politics fact.,True,Approved
3dfa3c12,TSK-PRJ-014-014,EMP-0108,2028-01-29,1,Black raise water myself summer animal low.,True,Approved
bfd95319,TSK-PRJ-014-014,EMP-0108,2028-01-30,2,Laugh heart born song money.,True,Approved
ac764828,TSK-PRJ-014-014,EMP-0108,2027-11-10,4,Plant whom police major study.,True,Approved
390fbed1,TSK-PRJ-014-014,EMP-0108,2027-12-24,8,Worry stop task light it.,False,Approved
aa33d95b,TSK-PRJ-011-026,EMP-0215,2024-02-23,1,Maybe growth structure guy drop.,True,Approved
7bd2edb5,TSK-PRJ-011-026,EMP-0215,2024-02-25,1,Any work somebody Democrat affect.,False,Approved
53d55482,TSK-PRJ-011-026,EMP-0215,2024-03-02,8,Huge occur language popular scene grow.,False,Approved
c9b0088a,TSK-PRJ-043-008,EMP-0192,2025-06-20,8,Allow glass TV check attack.,False,Approved
63fc7a91,TSK-PRJ-039-011,EMP-0161,2026-11-15,8,Measure however day these paper.,True,Approved
6d0fb267,TSK-PRJ-039-011,EMP-0161,2026-11-19,2,Bed get especially.,True,Approved
ec189e28,TSK-PRJ-039-011,EMP-0161,2026-11-18,4,Concern maintain position throughout ago.,True,Approved
a7f81262,TSK-PRJ-039-012,EMP-0150,2026-11-15,2,Hour sometimes become.,False,Approved
d2599dbb,TSK-PRJ-008-010,EMP-0027,2025-04-17,8,Least old owner.,True,Approved
d374a16b,TSK-PRJ-020-010,EMP-0185,2024-10-23,4,Decide western control hope.,True,Approved
d316a07f,TSK-PRJ-020-010,EMP-0185,2024-10-21,4,Mind general series investment.,True,Approved
b3059522,TSK-PRJ-020-010,EMP-0185,2024-10-20,4,When end country.,True,Approved
b5593118,TSK-PRJ-020-010,EMP-0185,2024-10-22,8,Country cut practice discussion majority effort.,True,Approved
b8f1209a,TSK-PRJ-040-001,EMP-0136,2024-10-15,8,Activity education alone.,True,Approved
1ca7a9b0,TSK-PRJ-040-001,EMP-0136,2024-10-22,4,Power lay pay pattern century.,True,Approved
544c1d53,TSK-PRJ-040-001,EMP-0136,2024-10-13,1,Career where soldier difficult thank political.,True,Approved
5d380561,TSK-PRJ-040-001,EMP-0136,2024-10-11,2,Ready school natural manager song.,False,Approved
c8a0bb98,TSK-PRJ-043-026,EMP-0235,2028-09-05,4,Major least give chance.,False,Approved
6c1a3f9a,TSK-PRJ-043-026,EMP-0235,2028-09-20,8,Camera chance dream.,True,Approved
a2fafb69,TSK-PRJ-043-026,EMP-0235,2028-08-31,1,Dream debate blood.,False,Approved
f20eda5a,TSK-PRJ-043-026,EMP-0235,2028-09-18,8,Concern employee window.,True,Approved
c6b4cd8d,TSK-PRJ-043-026,EMP-0235,2028-09-08,4,Represent theory color cause.,False,Approved
2b8d7660,TSK-PRJ-049-014,EMP-0134,2026-03-25,8,Newspaper size model.,False,Approved
ce2a1bae,TSK-PRJ-049-014,EMP-0134,2026-04-03,2,Arrive should shake offer debate store.,False,Approved
fbe62af3,TSK-PRJ-049-014,EMP-0134,2026-03-24,1,Window no keep mind look college.,False,Approved
6c9bb4d3,TSK-PRJ-049-014,EMP-0134,2026-03-29,2,Control heart approach according yet other.,True,Approved
9fe57596,TSK-PRJ-049-014,EMP-0134,2026-04-09,1,Avoid last myself establish.,True,Approved
c5c9a543,TSK-PRJ-008-008,EMP-0213,2025-01-24,1,Music culture point world.,True,Approved
3b371fd9,TSK-PRJ-029-005,EMP-0077,2025-03-04,2,But development decade article economic entire.,False,Approved
502b3bfc,TSK-PRJ-024-004,EMP-0163,2026-05-21,4,All task think address.,True,Approved
5b27db20,TSK-PRJ-018-005,EMP-0224,2026-01-25,2,Practice medical candidate daughter enough.,False,Approved
c770207a,TSK-PRJ-018-005,EMP-0224,2026-01-28,8,Agree new conference present discussion yeah.,True,Approved
baaa3abf,TSK-PRJ-018-005,EMP-0224,2026-01-24,8,Exactly loss wish shake which middle.,True,Approved
11f5691a,TSK-PRJ-018-005,EMP-0224,2026-01-28,2,International far fly sure water.,True,Approved
c5950fbf,TSK-PRJ-018-005,EMP-0224,2026-01-25,4,High indicate through.,True,Approved
b2b6fdf8,TSK-PRJ-006-016,EMP-0069,2025-05-28,4,Defense town bed of would.,False,Approved
ffb7e2f0,TSK-PRJ-006-016,EMP-0069,2025-06-05,4,Writer opportunity front.,True,Approved
7d75854f,TSK-PRJ-006-016,EMP-0069,2025-05-30,8,Risk subject eight arm.,True,Approved
f8f7b82c,TSK-PRJ-006-016,EMP-0069,2025-06-02,8,Across way magazine piece deep.,True,Approved
94a966bb,TSK-PRJ-006-016,EMP-0069,2025-06-02,4,These to expert.,False,Approved
0b8a9c3e,TSK-PRJ-033-001,EMP-0090,2025-06-25,1,Century benefit consumer establish wind fear.,True,Approved
ee826d16,TSK-PRJ-033-001,EMP-0090,2025-06-21,8,During growth smile fly should war.,True,Approved
9b1c8fdf,TSK-PRJ-033-001,EMP-0090,2025-06-25,2,Friend through his.,True,Approved
a2bf9437,TSK-PRJ-033-001,EMP-0090,2025-06-25,2,Can sport worry.,False,Approved
8c79c550,TSK-PRJ-006-024,EMP-0107,2025-05-07,8,Age doctor receive reduce action without.,False,Approved
cd5ec9fe,TSK-PRJ-006-024,EMP-0107,2025-05-10,2,Much song various enjoy focus.,False,Approved
ffb7c38f,TSK-PRJ-006-024,EMP-0107,2025-05-21,4,Sister station language family control wide.,False,Approved
a2c68f57,TSK-PRJ-006-024,EMP-0107,2025-05-18,2,Tough wind TV type program.,True,Approved
47d5efcf,TSK-PRJ-023-001,EMP-0106,2026-10-22,8,Nor company bring.,False,Approved
50e2b159,TSK-PRJ-005-021,EMP-0029,2025-11-01,2,Save quickly along wonder author this.,True,Approved
08845406,TSK-PRJ-049-024,EMP-0236,2023-09-15,1,Scene much hold long number.,False,Approved
f4143104,TSK-PRJ-049-024,EMP-0236,2023-09-06,2,Grow mind accept any American.,False,Approved
b694f5a1,TSK-PRJ-033-002,EMP-0018,2024-11-17,1,Effort grow perhaps his social.,True,Approved
cf4a612c,TSK-PRJ-028-001,EMP-0053,2025-10-05,1,Go guess affect year necessary.,True,Approved
6574ed05,TSK-PRJ-028-001,EMP-0053,2025-10-12,8,Care kitchen art whom morning.,True,Approved
bd0cf773,TSK-PRJ-028-001,EMP-0053,2025-10-14,1,Become medical color.,True,Approved
d07e558d,TSK-PRJ-036-001,EMP-0099,2023-11-02,1,Good race health news brother.,True,Approved
05c2469b,TSK-PRJ-036-001,EMP-0099,2023-11-02,4,Drive full again test.,True,Approved
c6a03dd6,TSK-PRJ-036-001,EMP-0099,2023-11-02,1,Either place raise loss sound task.,True,Approved
6324bac5,TSK-PRJ-036-001,EMP-0099,2023-11-02,8,Stand strategy big always.,True,Approved
b359c5e9,TSK-PRJ-012-014,EMP-0022,2025-06-11,1,Business learn line class.,True,Approved
69cdb08d,TSK-PRJ-012-014,EMP-0022,2025-06-14,8,Effect fall here information half way.,False,Approved
2e155a39,TSK-PRJ-015-020,EMP-0104,2025-09-27,2,Raise base professor direction.,False,Approved
dde75749,TSK-PRJ-015-020,EMP-0104,2025-09-27,4,Task somebody tell.,True,Approved
bef200aa,TSK-PRJ-050-010,EMP-0063,2023-09-12,1,Should value other report.,False,Approved
b78fe9f5,TSK-PRJ-011-007,EMP-0209,2026-08-06,4,Without begin teacher trip federal.,False,Approved
fe116ca8,TSK-PRJ-011-007,EMP-0209,2026-07-13,8,After above produce his.,True,Approved
e5a472ca,TSK-PRJ-011-007,EMP-0209,2026-08-04,4,Doctor wife oil popular eye.,False,Approved
7e8c81b4,TSK-PRJ-037-009,EMP-0088,2025-11-13,8,Adult whatever sell long program purpose.,True,Approved
da8c1ee6,TSK-PRJ-037-009,EMP-0088,2025-11-11,1,Like day most focus ever challenge.,False,Approved
89bba8d6,TSK-PRJ-037-009,EMP-0088,2025-11-09,1,But camera Mrs land kid.,True,Approved
f34d3ed4,TSK-PRJ-045-010,EMP-0079,2025-09-15,1,Send realize bank build couple.,True,Approved
40cc5d0a,TSK-PRJ-045-010,EMP-0079,2025-09-15,8,Garden price particularly.,False,Approved
9451a436,TSK-PRJ-045-010,EMP-0079,2025-09-13,8,Suddenly suggest most great sell language.,True,Approved
5ff0ca82,TSK-PRJ-045-010,EMP-0079,2025-09-16,8,Safe defense through option provide.,True,Approved
0be167b5,TSK-PRJ-032-021,EMP-0181,2026-09-22,4,Talk size local loss.,True,Approved
ce11c831,TSK-PRJ-033-022,EMP-0101,2025-08-18,8,Suffer life understand care half.,False,Approved
5e57d7f4,TSK-PRJ-033-022,EMP-0101,2025-08-18,4,Eight example policy six.,True,Approved
75528e3f,TSK-PRJ-033-022,EMP-0101,2025-08-18,4,Car hope picture make wear.,False,Approved
44e2def7,TSK-PRJ-033-022,EMP-0101,2025-08-18,8,From front protect list walk.,True,Approved
569877e5,TSK-PRJ-010-020,EMP-0082,2025-10-17,1,Will about toward free.,False,Approved
373fbc4e,TSK-PRJ-010-020,EMP-0082,2025-10-17,8,Rate civil up.,True,Approved
b4ef32c2,TSK-PRJ-010-020,EMP-0082,2025-10-17,4,Little occur public.,True,Approved
b7a6c7a0,TSK-PRJ-010-020,EMP-0082,2025-10-17,1,Ok evening voice citizen thing work.,True,Approved
ecd4ff6b,TSK-PRJ-048-020,EMP-0146,2027-07-29,2,Specific music small cost let.,False,Approved
8a7c2f1e,TSK-PRJ-048-020,EMP-0146,2027-08-12,4,Political show while sound.,True,Approved
0bd2aaac,TSK-PRJ-038-027,EMP-0161,2027-03-26,4,Whether owner huge.,True,Approved
7a6b3f8c,TSK-PRJ-038-027,EMP-0161,2027-03-22,1,That level moment cause make information.,False,Approved
961f8ddf,TSK-PRJ-038-027,EMP-0161,2027-03-26,1,Hope war into.,False,Approved
afc49ca5,TSK-PRJ-028-019,EMP-0017,2025-07-08,4,Sort gas compare already hold available.,True,Approved
0fddd13b,TSK-PRJ-028-019,EMP-0017,2025-07-08,2,Person center apply prove again as.,False,Approved
4ed0d2e4,TSK-PRJ-028-019,EMP-0017,2025-07-07,8,Adult decade side federal concern would.,True,Approved
c20554a7,TSK-PRJ-028-019,EMP-0017,2025-07-08,2,Perhaps best about recent.,True,Approved
e85a36df,TSK-PRJ-032-019,EMP-0249,2027-04-29,4,Party brother reason occur feel too.,True,Approved
1b62f672,TSK-PRJ-032-019,EMP-0249,2027-03-29,2,Choose left outside behind itself ground.,True,Approved
a74d6072,TSK-PRJ-018-002,EMP-0123,2025-06-08,8,Agree country discover.,False,Approved
0f3f5435,TSK-PRJ-018-002,EMP-0123,2025-07-23,8,Owner his it item often.,True,Approved
ed5bcd7d,TSK-PRJ-018-002,EMP-0123,2025-05-20,4,Still newspaper debate loss.,True,Approved
e2987de6,TSK-PRJ-035-002,EMP-0085,2025-08-18,8,Though morning feel drug.,False,Approved
a0b80b61,TSK-PRJ-045-003,EMP-0237,2026-02-22,8,Picture foot same act wonder conference.,True,Approved
af0c7fa7,TSK-PRJ-045-003,EMP-0237,2026-02-21,2,Yet offer sport.,True,Approved
f2e3e262,TSK-PRJ-045-003,EMP-0237,2026-02-21,4,Good citizen kitchen paper everyone.,True,Approved
acf26393,TSK-PRJ-045-003,EMP-0237,2026-02-22,2,Early letter house next leave religious.,True,Approved
829c7fa5,TSK-PRJ-035-008,EMP-0142,2026-01-07,2,Notice environmental organization soon talk whose.,True,Approved
7ae9993c,TSK-PRJ-035-008,EMP-0142,2025-12-31,1,Marriage Mrs try base.,True,Approved
b4783e0c,TSK-PRJ-035-008,EMP-0142,2025-12-24,2,Others term whatever herself.,True,Approved
19af5a94,TSK-PRJ-035-008,EMP-0142,2025-12-18,4,Magazine avoid message cell experience.,True,Approved
02091ae5,TSK-PRJ-039-014,EMP-0026,2025-04-18,8,South note care simply evidence.,True,Approved
fd065ff1,TSK-PRJ-039-014,EMP-0026,2025-05-09,2,Institution just type fact.,True,Approved
515ea0d3,TSK-PRJ-003-008,EMP-0123,2023-06-23,1,Bad decide decade.,True,Approved
e1dbbf34,TSK-PRJ-003-008,EMP-0123,2023-06-19,8,Rest memory hard.,True,Approved
e012803b,TSK-PRJ-020-005,EMP-0014,2024-09-27,4,Spend local reason.,False,Approved
fcb2a643,TSK-PRJ-020-005,EMP-0014,2024-09-29,2,Every course toward late increase.,False,Approved
3bb42117,TSK-PRJ-020-005,EMP-0014,2024-09-25,1,Continue billion value.,True,Approved
3c6da9b7,TSK-PRJ-020-005,EMP-0014,2024-09-27,1,Loss plant and success themselves best.,True,Approved
2bfb65da,TSK-PRJ-044-013,EMP-0131,2026-08-20,1,Choose still woman pattern citizen.,True,Approved
ad61620f,TSK-PRJ-044-013,EMP-0131,2026-08-19,4,Administration a back modern.,True,Approved
97f3a5de,TSK-PRJ-044-013,EMP-0131,2026-08-07,2,Unit apply trip finish be.,True,Approved
8ae052d3,TSK-PRJ-044-013,EMP-0131,2026-08-22,1,Strong stock base.,True,Approved
07eb9578,TSK-PRJ-044-013,EMP-0131,2026-08-19,4,Whatever fund bar.,True,Approved
11eefcc8,TSK-PRJ-027-009,EMP-0012,2023-06-05,4,Occur foreign whom.,True,Approved
26aea272,TSK-PRJ-019-017,EMP-0123,2027-09-02,8,Image sister sometimes reflect ever until.,True,Approved
6fe0a1bc,TSK-PRJ-019-017,EMP-0123,2027-09-11,4,Anyone force tree successful forward.,True,Approved
021b5b31,TSK-PRJ-019-017,EMP-0123,2027-08-08,1,College finally ten serious.,True,Approved
a9b570f6,TSK-PRJ-046-019,EMP-0157,2024-05-06,1,Increase body rock man table they.,True,Approved
c6f4fa2b,TSK-PRJ-012-017,EMP-0205,2026-12-12,1,Body break no still best area.,False,Approved
91492453,TSK-PRJ-012-017,EMP-0205,2026-12-08,8,Provide television government majority news husband.,True,Approved
f51cf3c0,TSK-PRJ-012-017,EMP-0205,2026-12-12,4,Thought enjoy safe before federal.,True,Approved
f9116ba2,TSK-PRJ-008-003,EMP-0179,2026-05-02,2,She see management pick.,True,Approved
58b76870,TSK-PRJ-008-003,EMP-0179,2026-05-03,8,Ask standard dinner.,True,Approved
c55a3f6c,TSK-PRJ-008-003,EMP-0179,2026-05-03,1,Improve edge pay yes.,True,Approved
101197b4,TSK-PRJ-008-003,EMP-0179,2026-05-02,8,Rise professor bring change trade.,False,Approved
a8d2b9f8,TSK-PRJ-016-011,EMP-0203,2026-03-20,1,Bad president analysis movement top detail.,False,Approved
abf419aa,TSK-PRJ-016-011,EMP-0203,2026-04-06,4,Other practice level in.,True,Approved
40673e2d,TSK-PRJ-023-003,EMP-0006,2026-07-06,1,Tend situation follow.,False,Approved
038f1c51,TSK-PRJ-023-003,EMP-0006,2026-06-28,4,Reach that girl.,False,Approved
e16d8a59,TSK-PRJ-023-003,EMP-0006,2026-07-06,4,Accept large list.,True,Approved
f952bb7f,TSK-PRJ-023-003,EMP-0006,2026-07-20,1,Guy join morning into low.,False,Approved
2198171d,TSK-PRJ-023-003,EMP-0006,2026-06-30,8,Page city still.,True,Approved
1e08b398,TSK-PRJ-015-018,EMP-0073,2025-09-05,4,Day week option character.,False,Approved
2d3c9506,TSK-PRJ-015-018,EMP-0073,2025-09-18,2,Performance movement cultural west less.,True,Approved
e532da8c,TSK-PRJ-003-005,EMP-0091,2023-07-23,4,Question bill reach and or space.,True,Approved
e0d56b22,TSK-PRJ-003-005,EMP-0091,2023-07-23,1,Opportunity suggest writer much bed.,False,Approved
cc2f564b,TSK-PRJ-003-005,EMP-0091,2023-07-23,8,Article democratic benefit.,True,Approved
09ce2544,TSK-PRJ-003-005,EMP-0091,2023-07-23,1,Group statement although.,True,Approved
a6206822,TSK-PRJ-016-009,EMP-0028,2026-04-05,2,Response same huge drive.,True,Approved
ed54fcd5,TSK-PRJ-016-009,EMP-0028,2026-04-05,4,People those performance fish hot.,True,Approved
b48d5c1b,TSK-PRJ-016-009,EMP-0028,2026-04-09,8,Charge occur then why must.,True,Approved
315f6ced,TSK-PRJ-032-006,EMP-0237,2026-12-18,1,Task approach sister during technology.,False,Approved
24f06983,TSK-PRJ-032-006,EMP-0237,2026-12-21,8,Peace concern their.,True,Approved
fe81ed3f,TSK-PRJ-032-006,EMP-0237,2026-12-17,4,Hit environmental partner.,True,Approved
d1c2ece0,TSK-PRJ-037-001,EMP-0032,2026-03-17,2,State town television marriage.,True,Approved
ea2e354c,TSK-PRJ-037-001,EMP-0032,2026-02-22,8,Player explain bring argue.,True,Approved
63b6ec09,TSK-PRJ-037-001,EMP-0032,2026-02-20,8,Music middle yeah whose drive.,True,Approved
9045d088,TSK-PRJ-037-001,EMP-0032,2026-03-24,8,West series everybody artist.,True,Approved
a66d6812,TSK-PRJ-037-001,EMP-0032,2026-03-24,1,Ability move recent weight market.,True,Approved
dcb954c8,TSK-PRJ-019-011,EMP-0180,2027-02-16,2,Like perhaps accept executive.,True,Approved
0d0a5493,TSK-PRJ-004-011,EMP-0125,2024-07-28,2,Section start around like call.,False,Approved
060ab3fe,TSK-PRJ-004-011,EMP-0125,2024-07-28,1,Support international happy young.,True,Approved
c497d2e2,TSK-PRJ-004-011,EMP-0125,2024-07-28,8,Fly piece anyone.,True,Approved
ed77dbd4,TSK-PRJ-043-009,EMP-0181,2027-03-06,1,Trouble foreign lot total meet.,True,Approved
7c16470d,TSK-PRJ-043-009,EMP-0181,2027-02-23,2,Agency civil clearly for.,True,Approved
50926491,TSK-PRJ-043-009,EMP-0181,2027-02-23,4,Contain have cause movie.,True,Approved
e5fb3839,TSK-PRJ-043-009,EMP-0181,2027-03-02,2,Bring forget education.,False,Approved
8d8815b0,TSK-PRJ-013-019,EMP-0047,2025-05-27,8,Listen set simple add guess decade.,True,Approved
1ed02b04,TSK-PRJ-013-019,EMP-0047,2025-06-16,8,Play because agency security start big.,True,Approved
d32713c6,TSK-PRJ-045-011,EMP-0198,2025-11-06,2,Manage place among.,True,Approved
1157c4b6,TSK-PRJ-045-011,EMP-0198,2025-11-07,4,Into page study democratic sign.,False,Approved
2538e26c,TSK-PRJ-045-011,EMP-0198,2025-11-08,2,No throw on large memory.,True,Approved
ef8844f3,TSK-PRJ-045-011,EMP-0198,2025-11-09,4,Purpose condition data.,False,Approved
5df195d6,TSK-PRJ-045-011,EMP-0198,2025-11-06,1,Cup specific keep chance stop.,True,Approved
9c182e3a,TSK-PRJ-013-007,EMP-0227,2024-09-09,1,Past carry fine write.,False,Approved
6e251daf,TSK-PRJ-013-007,EMP-0227,2024-09-08,8,Official thank issue debate into.,False,Approved
a864bfae,TSK-PRJ-013-007,EMP-0227,2024-09-23,8,Too why realize other.,True,Approved
8d4ad8fc,TSK-PRJ-013-007,EMP-0227,2024-09-13,1,Happy senior on.,False,Approved
b3847cd3,TSK-PRJ-013-007,EMP-0227,2024-09-09,8,Smile upon blue language.,False,Approved
692d8f2f,TSK-PRJ-021-013,EMP-0240,2028-03-03,8,Dream purpose another cup.,True,Approved
35cf159e,TSK-PRJ-021-013,EMP-0240,2028-02-19,4,Spend reality modern serve.,True,Approved
010a8e80,TSK-PRJ-021-013,EMP-0240,2028-02-11,1,Food particular research.,True,Approved
0179fea4,TSK-PRJ-021-013,EMP-0240,2028-02-13,2,Sing early strong.,True,Approved
83dd6a1e,TSK-PRJ-021-013,EMP-0240,2028-02-27,1,Level speech present home.,True,Approved
bbd3361d,TSK-PRJ-021-024,EMP-0036,2028-12-19,8,Paper weight dark me ground wife.,True,Approved
d7d7b5a5,TSK-PRJ-021-024,EMP-0036,2029-01-20,1,Simple wish chair couple take nor.,True,Approved
fe406b97,TSK-PRJ-021-024,EMP-0036,2028-12-06,8,My far matter piece level between.,True,Approved
903dd47e,TSK-PRJ-013-016,EMP-0204,2024-09-22,2,Produce then prevent top style identify.,True,Approved
2c828b93,TSK-PRJ-013-016,EMP-0204,2024-09-22,2,Power attention interest water hit add.,False,Approved
da803e84,TSK-PRJ-012-011,EMP-0003,2026-03-26,8,Race model themselves city onto find.,False,Approved
ac072eea,TSK-PRJ-029-024,EMP-0211,2026-08-01,1,Help me age national.,True,Approved
22589a36,TSK-PRJ-029-024,EMP-0211,2026-07-24,1,Piece beyond particularly skill.,True,Approved
0a91d3c3,TSK-PRJ-029-024,EMP-0211,2026-08-28,4,Artist deep next above national sure.,True,Approved
fc6fa36b,TSK-PRJ-029-024,EMP-0211,2026-08-11,8,Necessary and star watch today.,True,Approved
e66b0cc7,TSK-PRJ-029-024,EMP-0211,2026-08-09,8,Much truth leader save career.,True,Approved
11fb8702,TSK-PRJ-033-013,EMP-0168,2025-03-27,8,Reach institution institution road fear floor.,True,Approved
79fe3183,TSK-PRJ-033-013,EMP-0168,2025-03-27,8,Development agency material new.,True,Approved
2c484912,TSK-PRJ-042-002,EMP-0050,2027-05-20,1,Relationship subject keep camera same.,False,Approved
498e8829,TSK-PRJ-042-002,EMP-0050,2027-05-11,2,Four west main.,True,Approved
bbe7450c,TSK-PRJ-042-002,EMP-0050,2027-05-16,4,Customer back stand win budget.,False,Approved
fb7078bd,TSK-PRJ-042-002,EMP-0050,2027-05-09,2,Establish order every.,True,Approved
d5c6f363,TSK-PRJ-011-006,EMP-0138,2024-02-13,2,Market name last.,True,Approved
a6373795,TSK-PRJ-011-006,EMP-0138,2024-02-13,1,Local itself allow final add treat.,True,Approved
66a633f8,TSK-PRJ-011-006,EMP-0138,2024-02-08,8,To shake forward large.,True,Approved
1de98057,TSK-PRJ-011-006,EMP-0138,2024-02-05,2,Pass magazine production successful garden by.,True,Approved
2652048e,TSK-PRJ-011-006,EMP-0138,2024-02-04,4,Free small I company.,False,Approved
fe753307,TSK-PRJ-034-001,EMP-0111,2023-08-25,1,Class work information pattern analysis.,True,Approved
c6052c5a,TSK-PRJ-034-001,EMP-0111,2023-08-23,4,Bit might just under.,True,Approved
899ca7af,TSK-PRJ-034-001,EMP-0111,2023-08-25,4,Despite door career data movie seek.,True,Approved
5bafd14f,TSK-PRJ-034-001,EMP-0111,2023-08-29,8,Institution may instead none.,False,Approved
3a0616db,TSK-PRJ-034-001,EMP-0111,2023-08-28,8,Husband market political appear trial.,True,Approved
14469774,TSK-PRJ-018-008,EMP-0065,2023-08-14,8,Strategy often improve loss.,True,Approved
66170439,TSK-PRJ-018-008,EMP-0065,2023-09-04,1,Appear baby state.,True,Approved
63eeb3af,TSK-PRJ-018-008,EMP-0065,2023-08-25,2,One its expect.,False,Approved
db6de8a4,TSK-PRJ-018-008,EMP-0065,2023-09-12,8,According others involve.,True,Approved
df7d51c2,TSK-PRJ-039-001,EMP-0171,2026-04-15,4,Final wall very eat area.,True,Approved
44cdd7a9,TSK-PRJ-039-001,EMP-0171,2026-04-18,1,Candidate same make fear service.,False,Approved
e94d2b20,TSK-PRJ-039-001,EMP-0171,2026-04-10,1,Congress research future push number.,True,Approved
328fb911,TSK-PRJ-022-006,EMP-0187,2024-03-27,2,Material when citizen.,False,Approved
d22a5e84,TSK-PRJ-022-006,EMP-0187,2024-03-25,1,Now black see arrive mother.,True,Approved
10d35dad,TSK-PRJ-003-007,EMP-0013,2023-04-24,8,Sport behavior protect.,False,Approved
5b8ba6a7,TSK-PRJ-003-007,EMP-0013,2023-04-14,8,Wear imagine computer.,True,Approved
c9ffb6a0,TSK-PRJ-016-020,EMP-0208,2024-09-22,1,Early story position several.,False,Approved
6e59ac18,TSK-PRJ-016-020,EMP-0208,2024-09-18,2,Article floor court material make.,False,Approved
6947af8e,TSK-PRJ-016-020,EMP-0208,2024-09-03,2,Church hear of.,True,Approved
fb78705e,TSK-PRJ-016-020,EMP-0208,2024-09-12,1,Mr material grow police night type.,True,Approved
0f3089e8,TSK-PRJ-037-003,EMP-0023,2026-09-28,1,Rich pull think clear.,False,Approved
c8d7fee6,TSK-PRJ-037-003,EMP-0023,2026-10-09,1,Several anyone television human.,True,Approved
053d8ea2,TSK-PRJ-037-003,EMP-0023,2026-10-16,2,Phone you owner manager.,True,Approved
498a4895,TSK-PRJ-024-003,EMP-0140,2025-12-11,1,Direction response certainly reduce.,True,Approved
6db7e3f9,TSK-PRJ-024-003,EMP-0140,2025-12-11,1,Really rule there approach young together.,True,Approved
a2eee353,TSK-PRJ-024-003,EMP-0140,2025-12-11,2,Rest trial lose skin smile.,False,Approved
4bbacd1c,TSK-PRJ-029-017,EMP-0162,2025-04-02,2,None act late.,True,Approved
083db4f0,TSK-PRJ-029-017,EMP-0162,2025-04-05,4,Occur next factor community meet often.,False,Approved
4279f4a4,TSK-PRJ-029-017,EMP-0162,2025-03-27,1,Building me interest.,True,Approved
7847074d,TSK-PRJ-018-009,EMP-0036,2023-05-24,1,Whose term conference.,True,Approved
57a6b26c,TSK-PRJ-018-009,EMP-0036,2023-05-24,1,Light of become short stop.,True,Approved
fceb75b1,TSK-PRJ-018-009,EMP-0036,2023-05-21,1,Throughout go bring challenge side.,True,Approved
4675aa13,TSK-PRJ-023-002,EMP-0025,2025-12-13,8,Respond level agree.,True,Approved
a6fdf7c5,TSK-PRJ-023-002,EMP-0025,2025-12-19,2,Author safe opportunity particular.,True,Approved
7326175e,TSK-PRJ-023-002,EMP-0025,2025-12-13,8,See pretty especially for after line.,True,Approved
27f2aec3,TSK-PRJ-023-002,EMP-0025,2025-12-18,4,Clear PM some consumer final charge.,True,Approved
418b050f,TSK-PRJ-023-002,EMP-0025,2025-12-18,1,Should window measure design.,False,Approved
0d45ffa3,TSK-PRJ-047-022,EMP-0241,2025-09-05,1,Around talk know perform water return.,True,Approved
628437eb,TSK-PRJ-047-022,EMP-0241,2025-09-05,4,Control identify use research.,False,Approved
73f811c8,TSK-PRJ-047-022,EMP-0241,2025-09-04,2,About shoulder paper.,True,Approved
0a438951,TSK-PRJ-001-014,EMP-0112,2026-03-21,8,Message your score political kid under.,False,Approved
29bfc0ce,TSK-PRJ-001-014,EMP-0112,2026-03-21,2,Per perform structure crime.,True,Approved
84e8e640,TSK-PRJ-001-014,EMP-0112,2026-03-21,2,Gun environment term southern.,True,Approved
81c6ef8e,TSK-PRJ-008-007,EMP-0166,2025-01-13,1,Laugh responsibility notice month hundred.,True,Approved
19c17f74,TSK-PRJ-008-007,EMP-0166,2025-01-03,2,Sort goal firm rich finish.,False,Approved
da2de42e,TSK-PRJ-008-007,EMP-0166,2025-01-11,4,Story yes whatever guess former difference.,True,Approved
722b22cb,TSK-PRJ-047-002,EMP-0074,2026-04-28,2,Wait direction society defense federal manager.,True,Approved
d4f3df52,TSK-PRJ-047-002,EMP-0074,2026-05-03,2,See teacher here piece central.,False,Approved
0b181c3e,TSK-PRJ-047-002,EMP-0074,2026-04-24,8,Material interest production side.,True,Approved
8594f053,TSK-PRJ-047-002,EMP-0074,2026-05-02,2,Argue above building by for.,False,Approved
dfe4f17c,TSK-PRJ-017-020,EMP-0086,2024-07-05,1,Cover pass able too thought.,True,Approved
2bacbdbd,TSK-PRJ-017-020,EMP-0086,2024-06-29,4,Life offer stock cold that western.,True,Approved
62824085,TSK-PRJ-017-020,EMP-0086,2024-06-24,8,Condition treat put little.,True,Approved
e1bbc4b6,TSK-PRJ-017-020,EMP-0086,2024-06-20,8,Clear employee soldier much care.,True,Approved
72316218,TSK-PRJ-046-013,EMP-0068,2024-09-16,2,Cover best technology feel pressure environment.,True,Approved
6027ddc3,TSK-PRJ-046-013,EMP-0068,2024-09-16,4,Firm question will service.,True,Approved
43405bc1,TSK-PRJ-010-002,EMP-0067,2025-07-21,2,Need according offer usually.,True,Approved
f0f5f862,TSK-PRJ-001-002,EMP-0071,2025-10-09,4,Such late type.,True,Approved
54d77fbe,TSK-PRJ-014-009,EMP-0019,2027-07-19,1,Positive arrive purpose.,True,Approved
a574c9e6,TSK-PRJ-014-009,EMP-0019,2027-07-13,8,So visit bed.,True,Approved
ff49a4a0,TSK-PRJ-014-009,EMP-0019,2027-07-12,1,Local often event.,False,Approved
f38611bf,TSK-PRJ-014-009,EMP-0019,2027-07-23,8,People south rock.,True,Approved
f7f81dd5,TSK-PRJ-014-009,EMP-0019,2027-07-20,4,Result area establish.,False,Approved
14c7faa6,TSK-PRJ-003-012,EMP-0078,2023-05-07,8,Would hot head.,True,Approved
7620cb85,TSK-PRJ-003-012,EMP-0078,2023-05-08,4,Information politics show up guy.,True,Approved
23a70d01,TSK-PRJ-003-012,EMP-0078,2023-05-08,2,Poor look feeling share front item.,True,Approved
c0979de5,TSK-PRJ-001-016,EMP-0155,2026-03-09,4,Drop approach situation.,True,Approved
1e06009c,TSK-PRJ-014-012,EMP-0240,2026-09-10,4,Reflect PM tell study.,True,Approved
3865ab28,TSK-PRJ-014-012,EMP-0240,2026-09-08,1,Detail structure actually data themselves.,True,Approved
000494cd,TSK-PRJ-014-012,EMP-0240,2026-09-04,2,Remember audience through individual official artist.,True,Approved
0e60fb33,TSK-PRJ-014-012,EMP-0240,2026-09-08,4,Born success it business page detail.,False,Approved
0f00aaa8,TSK-PRJ-014-012,EMP-0240,2026-09-12,1,Brother least style policy.,False,Approved
acbb4d82,TSK-PRJ-024-007,EMP-0129,2026-03-01,1,Billion offer expect kitchen.,True,Approved
ac504267,TSK-PRJ-024-007,EMP-0129,2026-03-01,8,Near even inside.,False,Approved
9ae6ee8a,TSK-PRJ-050-005,EMP-0223,2026-06-08,2,Despite message seem must financial light.,True,Approved
4186ef53,TSK-PRJ-050-005,EMP-0223,2026-06-29,4,Lay perform worry scientist.,True,Approved
fc8c1b53,TSK-PRJ-050-005,EMP-0223,2026-06-25,2,Turn cost receive activity.,True,Approved
1096e6a4,TSK-PRJ-050-005,EMP-0223,2026-06-06,8,Either sport opportunity great break.,True,Approved
f0ecb704,TSK-PRJ-050-005,EMP-0223,2026-06-14,4,His teach risk because.,True,Approved
bb5c1b94,TSK-PRJ-038-018,EMP-0093,2025-11-01,4,Whose everybody movie trade consumer family.,False,Approved
a47ed9ff,TSK-PRJ-038-018,EMP-0093,2025-11-03,4,Political last information.,True,Approved
ab8c309d,TSK-PRJ-038-018,EMP-0093,2025-11-01,1,Professional site produce health.,True,Approved
781c695a,TSK-PRJ-008-004,EMP-0003,2025-09-06,2,Beat development think stop artist blood.,True,Approved
cea15163,TSK-PRJ-008-004,EMP-0003,2025-08-25,2,Sound ago total order fight safe.,True,Approved
c51de45f,TSK-PRJ-008-004,EMP-0003,2025-08-30,2,Radio national forget painting development.,False,Approved
8f4a1d91,TSK-PRJ-036-026,EMP-0083,2023-12-14,1,Though yourself reflect with performance rate.,True,Approved
98b5e7e1,TSK-PRJ-019-008,EMP-0013,2027-09-18,8,Again may year.,False,Approved
ec138ff9,TSK-PRJ-019-008,EMP-0013,2027-09-18,8,Authority which factor team investment police.,True,Approved
c25d8eef,TSK-PRJ-019-008,EMP-0013,2027-09-18,2,Range structure everything wife important.,False,Approved
07a0ea6e,TSK-PRJ-019-008,EMP-0013,2027-09-18,8,Science season general child your.,True,Approved
7ac85a5c,TSK-PRJ-019-008,EMP-0013,2027-09-18,4,Republican operation reduce reduce computer your.,False,Approved
1561191a,TSK-PRJ-013-020,EMP-0119,2024-08-27,1,Ask skill ten begin girl.,True,Approved
c5eed8b0,TSK-PRJ-013-020,EMP-0119,2024-09-22,4,Rather particularly plant.,False,Approved
f5aeddec,TSK-PRJ-013-020,EMP-0119,2024-09-17,1,Particular operation successful.,True,Approved
fed2d020,TSK-PRJ-013-020,EMP-0119,2024-09-19,8,Away occur bar carry technology.,True,Approved
eea8e390,TSK-PRJ-049-011,EMP-0169,2024-03-01,4,Strong work kitchen sell recently list.,False,Approved
d9af7bf4,TSK-PRJ-049-011,EMP-0169,2024-03-07,2,Institution common pay sea.,False,Approved
473be44d,TSK-PRJ-049-011,EMP-0169,2024-02-28,4,Mrs consider drop plant.,False,Approved
db91d9df,TSK-PRJ-049-011,EMP-0169,2024-02-16,8,Local own single public have.,True,Approved
c3477499,TSK-PRJ-049-011,EMP-0169,2024-02-15,1,Work south eat town daughter.,True,Approved
3738a63f,TSK-PRJ-014-011,EMP-0149,2027-02-10,1,Manager brother floor coach floor race.,True,Approved
3c1719ad,TSK-PRJ-014-011,EMP-0149,2027-02-12,4,Recognize benefit daughter glass.,False,Approved
e2c6efc7,TSK-PRJ-014-011,EMP-0149,2027-02-12,4,For join necessary make though.,False,Approved
b59f0391,TSK-PRJ-014-011,EMP-0149,2027-02-10,8,Task for for model.,True,Approved
2bb2689b,TSK-PRJ-033-018,EMP-0218,2025-05-21,8,Throughout among teach must mind cost.,True,Approved
2e00cd93,TSK-PRJ-048-005,EMP-0010,2025-09-06,4,Country run later she theory church.,True,Approved
f3a5a0a9,TSK-PRJ-048-005,EMP-0010,2025-09-13,1,Rich herself model happen Mrs.,True,Approved
c177af24,TSK-PRJ-036-022,EMP-0204,2023-09-16,4,View professor will year.,False,Approved
15986e2d,TSK-PRJ-036-022,EMP-0204,2023-09-14,2,Cup career wait section write.,True,Approved
186fa278,TSK-PRJ-036-022,EMP-0204,2023-09-13,4,Visit kitchen understand serious.,False,Approved
6be2d021,TSK-PRJ-024-001,EMP-0187,2026-01-09,4,Save bed would would.,True,Approved
07f13a11,TSK-PRJ-024-001,EMP-0187,2026-01-09,1,Easy contain various nearly you.,True,Approved
c866f808,TSK-PRJ-024-001,EMP-0187,2025-12-31,1,Worker than hospital still.,True,Approved
d8546530,TSK-PRJ-012-020,EMP-0148,2024-12-27,1,Service main service establish.,True,Approved
a052cea6,TSK-PRJ-029-021,EMP-0216,2025-03-14,1,Unit choice college activity who.,True,Approved
c58843a7,TSK-PRJ-029-021,EMP-0216,2025-03-23,4,Story put son capital not.,False,Approved
848efc44,TSK-PRJ-029-021,EMP-0216,2025-03-25,8,Language next think.,False,Approved
6eb9d015,TSK-PRJ-029-021,EMP-0216,2025-03-17,4,Or present painting enjoy avoid week.,False,Approved
84c97e1a,TSK-PRJ-011-016,EMP-0066,2024-08-15,8,Pattern audience certainly.,False,Approved
60b1c3b9,TSK-PRJ-011-016,EMP-0066,2024-08-15,2,Fill control medical.,False,Approved
c00d1d9d,TSK-PRJ-011-016,EMP-0066,2024-08-14,2,Early prepare plant.,True,Approved
a6be4e51,TSK-PRJ-047-011,EMP-0116,2025-11-21,2,Tree firm alone ok party.,True,Approved
2b095746,TSK-PRJ-001-013,EMP-0214,2026-07-15,1,More pass push statement quality wall.,True,Approved
ef9c783e,TSK-PRJ-001-013,EMP-0214,2026-08-05,4,Several moment begin time leave.,False,Approved
ea01992d,TSK-PRJ-001-013,EMP-0214,2026-07-25,8,Region agent sister including.,False,Approved
fb477a4c,TSK-PRJ-001-013,EMP-0214,2026-07-13,8,Production experience site evening soon maintain.,False,Approved
6e78fc26,TSK-PRJ-001-013,EMP-0214,2026-07-17,2,Year table defense next well simply.,False,Approved
af1744a2,TSK-PRJ-009-004,EMP-0225,2025-03-23,4,Area fight mention father drive side.,True,Approved
5456d7b7,TSK-PRJ-009-004,EMP-0225,2025-04-02,2,Mention skin computer new news.,True,Approved
d92580e1,TSK-PRJ-009-004,EMP-0225,2025-03-22,2,Evidence coach before west three bit.,False,Approved
9e7e7a56,TSK-PRJ-009-004,EMP-0225,2025-03-25,1,Finally account arm rather blood.,True,Approved
72a10fd9,TSK-PRJ-017-018,EMP-0111,2024-05-13,8,Final reflect than.,True,Approved
8b60aaa4,TSK-PRJ-017-018,EMP-0111,2024-05-23,8,Begin bag fish speech agency despite.,True,Approved
215a91fa,TSK-PRJ-017-018,EMP-0111,2024-05-18,8,Cold how network note act.,False,Approved
0ae2bc3f,TSK-PRJ-024-010,EMP-0046,2025-11-15,4,Wind stay least.,False,Approved
39ba880a,TSK-PRJ-024-010,EMP-0046,2025-11-11,2,Test college crime present avoid.,True,Approved
2d376d45,TSK-PRJ-033-015,EMP-0154,2025-07-01,8,Sure present nice.,True,Approved
014027e5,TSK-PRJ-033-015,EMP-0154,2025-06-27,4,Tend sense hold.,True,Approved
3c78f25e,TSK-PRJ-033-015,EMP-0154,2025-06-29,2,Along let central make already.,False,Approved
b23424a3,TSK-PRJ-033-015,EMP-0154,2025-07-01,4,What according save to ready thought.,False,Approved
34f173db,TSK-PRJ-033-015,EMP-0154,2025-06-29,2,Agree western report inside for.,True,Approved
d562b4c3,TSK-PRJ-027-011,EMP-0140,2023-09-21,2,Evening voice magazine along thus program.,True,Approved
19ba06ee,TSK-PRJ-027-011,EMP-0140,2023-10-09,8,Determine by option kitchen.,False,Approved
962444b7,TSK-PRJ-027-011,EMP-0140,2023-09-21,8,Fall a finally.,True,Approved
912b0d3b,TSK-PRJ-027-011,EMP-0140,2023-10-05,1,Quite increase draw nor develop himself produce.,False,Approved
7b030b07,TSK-PRJ-018-010,EMP-0082,2025-01-14,1,Customer painting onto them.,True,Approved
cb9fd9ae,TSK-PRJ-007-008,EMP-0116,2025-03-18,8,Fear hot race maintain analysis require.,True,Approved
1f0c033b,TSK-PRJ-007-008,EMP-0116,2025-04-07,4,Hospital accept store adult.,True,Approved
fc42a8da,TSK-PRJ-019-009,EMP-0047,2027-09-02,1,Test guess respond risk week.,True,Approved
499e788a,TSK-PRJ-036-002,EMP-0029,2024-01-03,4,Around maybe several trip.,True,Approved
2b4f8899,TSK-PRJ-036-002,EMP-0029,2024-01-03,4,Believe within black.,True,Approved
9a9faf64,TSK-PRJ-036-002,EMP-0029,2024-01-03,4,Image administration order.,True,Approved
595bf91a,TSK-PRJ-036-002,EMP-0029,2024-01-03,2,Lead gas try.,False,Approved
d093c97e,TSK-PRJ-030-011,EMP-0085,2026-06-14,8,List great again husband those.,True,Approved
ac73a192,TSK-PRJ-030-011,EMP-0085,2026-06-14,8,Physical exist cultural page issue interesting.,True,Approved
d4e5594d,TSK-PRJ-043-016,EMP-0037,2027-10-28,8,Six clearly central about suddenly watch.,True,Approved
d4125757,TSK-PRJ-043-016,EMP-0037,2027-10-21,8,Himself purpose dinner maintain.,True,Approved
4a9dc999,TSK-PRJ-043-016,EMP-0037,2027-10-28,1,Reveal represent second.,True,Approved
ef83eaa6,TSK-PRJ-043-016,EMP-0037,2027-10-12,4,Visit front ask fast oil.,False,Approved
f6004e10,TSK-PRJ-025-002,EMP-0022,2027-06-28,4,Anyone physical today.,True,Approved
4e1524f2,TSK-PRJ-025-002,EMP-0022,2027-06-28,8,Cultural fire treat effect specific reach.,True,Approved
a11274c3,TSK-PRJ-029-029,EMP-0249,2026-04-18,1,Also situation agent.,False,Approved
52ca728b,TSK-PRJ-029-029,EMP-0249,2026-04-11,4,Population bring report.,True,Approved
269f5292,TSK-PRJ-029-029,EMP-0249,2026-04-25,4,Industry keep both arrive.,True,Approved
5cedec35,TSK-PRJ-029-029,EMP-0249,2026-04-02,4,Friend traditional dark probably.,True,Approved
733a3248,TSK-PRJ-030-014,EMP-0221,2026-06-11,2,Cost cost agreement office federal.,True,Approved
add0ce0c,TSK-PRJ-030-014,EMP-0221,2026-06-11,1,Benefit easy within.,True,Approved
8ca32bf9,TSK-PRJ-030-014,EMP-0221,2026-06-12,2,Never network knowledge party.,True,Approved
be2e5c66,TSK-PRJ-030-014,EMP-0221,2026-06-11,2,Peace tough ago true shake.,True,Approved
6c5c6497,TSK-PRJ-037-011,EMP-0036,2026-04-24,1,Its board speech sit wall.,False,Approved
68a6ac04,TSK-PRJ-037-011,EMP-0036,2026-04-21,8,Heavy less staff him former answer.,True,Approved
bea34677,TSK-PRJ-037-011,EMP-0036,2026-04-21,8,Possible your wall.,False,Approved
d40338ec,TSK-PRJ-017-022,EMP-0229,2024-08-08,1,Oil choice life administration oil this.,True,Approved
021ef301,TSK-PRJ-017-022,EMP-0229,2024-08-08,8,Minute pick share.,True,Approved
ad1a689a,TSK-PRJ-043-003,EMP-0129,2025-08-09,4,Focus four action.,True,Approved
de785bd5,TSK-PRJ-043-003,EMP-0129,2025-08-09,1,Seven front north Mr who technology.,False,Approved
090af3e0,TSK-PRJ-043-003,EMP-0129,2025-08-10,4,Control task speak sign think.,True,Approved
03de7033,TSK-PRJ-003-006,EMP-0218,2023-05-24,8,Major threat safe must speech.,True,Approved
4a1d45bb,TSK-PRJ-003-006,EMP-0218,2023-05-09,2,Bit issue listen.,False,Approved
b23082d8,TSK-PRJ-003-006,EMP-0218,2023-05-23,4,Ok position same.,False,Approved
e19317dc,TSK-PRJ-003-006,EMP-0218,2023-05-11,4,Official alone government.,True,Approved
c26f980e,TSK-PRJ-039-016,EMP-0056,2026-12-23,8,Give religious agency job.,False,Approved
e3be9f35,TSK-PRJ-039-016,EMP-0056,2026-12-29,1,Easy lawyer its debate.,True,Approved
c58e9951,TSK-PRJ-043-010,EMP-0221,2027-05-30,4,Seat head manager part outside.,True,Approved
608bcdfa,TSK-PRJ-043-010,EMP-0221,2027-05-28,4,Say dinner respond despite.,False,Approved
c18c3b37,TSK-PRJ-043-010,EMP-0221,2027-05-26,2,Course technology past.,True,Approved
5393325a,TSK-PRJ-043-010,EMP-0221,2027-05-29,1,If fly south body view.,False,Approved
30f20ae6,TSK-PRJ-010-018,EMP-0208,2025-11-03,2,Throughout however prepare.,True,Approved
c7b95ea0,TSK-PRJ-010-018,EMP-0208,2025-11-03,1,Know specific natural political security almost.,True,Approved
16352781,TSK-PRJ-032-001,EMP-0113,2027-07-27,2,Billion society civil environmental tend into.,False,Approved
a95d9448,TSK-PRJ-032-001,EMP-0113,2027-07-21,2,Leg move attack wide.,True,Approved
4988be04,TSK-PRJ-032-001,EMP-0113,2027-08-04,1,Could teacher loss.,False,Approved
8fc0f04f,TSK-PRJ-032-001,EMP-0113,2027-07-15,1,Increase assume science.,True,Approved
e59586ae,TSK-PRJ-032-001,EMP-0113,2027-07-23,2,Agent day leave loss.,False,Approved
5803e721,TSK-PRJ-021-009,EMP-0112,2027-01-13,4,Building station food give.,True,Approved
73ba7dd2,TSK-PRJ-021-009,EMP-0112,2027-01-15,4,Ask best how move.,False,Approved
3b3ca691,TSK-PRJ-021-009,EMP-0112,2027-01-11,8,Pm affect nation positive thousand environmental.,False,Approved
4c57b318,TSK-PRJ-021-009,EMP-0112,2027-01-10,1,Property listen save three identify top.,True,Approved
0c17e38a,TSK-PRJ-021-009,EMP-0112,2027-01-04,1,Today meet per seem.,True,Approved
f2b062af,TSK-PRJ-036-019,EMP-0067,2023-09-28,8,Southern continue money color assume.,True,Approved
08b331b6,TSK-PRJ-036-019,EMP-0067,2023-09-16,4,Leader shake its cut energy crime.,False,Approved
73907696,TSK-PRJ-035-005,EMP-0043,2024-03-18,8,Several operation cut.,True,Approved
a6620fa0,TSK-PRJ-035-005,EMP-0043,2024-03-17,1,About together modern school.,True,Approved
14b65cde,TSK-PRJ-035-005,EMP-0043,2024-03-20,2,Experience include oil rise culture.,True,Approved
341645df,TSK-PRJ-035-005,EMP-0043,2024-03-21,8,Understand little capital recognize.,True,Approved
b2123326,TSK-PRJ-030-010,EMP-0032,2025-11-20,8,Billion away generation debate often half.,True,Approved
08bfe8ad,TSK-PRJ-030-010,EMP-0032,2025-11-20,1,Because however as anything.,True,Approved
4f97b356,TSK-PRJ-030-010,EMP-0032,2025-11-20,8,Trial list minute.,True,Approved
82ca590e,TSK-PRJ-030-010,EMP-0032,2025-11-20,4,Finally yes line including real economy.,True,Approved
56a8274f,TSK-PRJ-030-010,EMP-0032,2025-11-20,1,Easy because lose.,True,Approved
ab50b0cd,TSK-PRJ-013-027,EMP-0022,2025-05-11,2,Know plant own music.,True,Approved
c1bfcce4,TSK-PRJ-013-027,EMP-0022,2025-05-25,1,Since throughout whole.,False,Approved
a57081f5,TSK-PRJ-013-027,EMP-0022,2025-05-29,4,Benefit international give order each similar.,True,Approved
3e3369ca,TSK-PRJ-013-027,EMP-0022,2025-05-24,2,Amount cold feel memory.,True,Approved
573585fc,TSK-PRJ-013-027,EMP-0022,2025-05-12,4,Son public small sell discuss.,True,Approved
7f906ced,TSK-PRJ-042-016,EMP-0223,2025-11-01,1,Ahead quickly evidence make yet everybody.,False,Approved
e32b138f,TSK-PRJ-042-016,EMP-0223,2025-11-02,1,Effort join yeah.,True,Approved
fcba4280,TSK-PRJ-020-012,EMP-0160,2024-08-12,8,Cut information expect land mean idea.,True,Approved
8b66de0c,TSK-PRJ-011-014,EMP-0081,2026-01-16,4,International audience unit sort candidate later.,False,Approved
6a7ff301,TSK-PRJ-029-027,EMP-0078,2025-06-20,4,Particularly practice forward at.,True,Approved
dc1ca9b1,TSK-PRJ-029-027,EMP-0078,2025-06-02,8,Any growth listen avoid include nature.,True,Approved
6a4b1a88,TSK-PRJ-029-027,EMP-0078,2025-06-12,2,Use during east scientist strategy.,True,Approved
dc527466,TSK-PRJ-028-018,EMP-0065,2025-03-30,4,Evening develop loss loss many modern.,True,Approved
46cd9d84,TSK-PRJ-028-018,EMP-0065,2025-03-31,2,Measure including movie race source.,True,Approved
8a9463af,TSK-PRJ-028-018,EMP-0065,2025-03-29,1,Tough couple people writer also candidate.,False,Approved
59f5d598,TSK-PRJ-028-018,EMP-0065,2025-03-29,2,Market artist building look military.,True,Approved
96747200,TSK-PRJ-028-018,EMP-0065,2025-03-31,1,National author huge board about doctor.,False,Approved
296ee5e4,TSK-PRJ-030-006,EMP-0069,2026-06-12,8,Factor development society year risk all.,False,Approved
a008ecf4,TSK-PRJ-029-008,EMP-0151,2026-08-29,4,Join throughout near act.,True,Approved
dbcc1f66,TSK-PRJ-012-009,EMP-0181,2025-11-10,2,Address including table.,False,Approved
eafe3984,TSK-PRJ-012-009,EMP-0181,2025-11-09,2,Term summer second.,True,Approved
adacbf26,TSK-PRJ-012-009,EMP-0181,2025-11-07,4,Dog performance allow.,False,Approved
968aa240,TSK-PRJ-012-009,EMP-0181,2025-11-10,1,Consider top at wait.,False,Approved
51c07967,TSK-PRJ-002-015,EMP-0121,2023-08-17,8,Feeling her play new win rate.,True,Approved
00d0aced,TSK-PRJ-002-015,EMP-0121,2023-08-20,8,Hour the front fire decision.,True,Approved
679c2a7e,TSK-PRJ-002-015,EMP-0121,2023-08-14,4,Single second up.,False,Approved
cdd875bf,TSK-PRJ-002-015,EMP-0121,2023-08-10,1,Process create bad.,True,Approved
b162c40a,TSK-PRJ-033-005,EMP-0179,2024-08-31,4,Fall really heavy leg.,True,Approved
36821170,TSK-PRJ-033-005,EMP-0179,2024-08-24,8,Service to stage term.,True,Approved
d8d22e54,TSK-PRJ-033-005,EMP-0179,2024-09-01,1,Enjoy size his course simple.,False,Approved
31c152d2,TSK-PRJ-033-005,EMP-0179,2024-08-26,8,That national spend financial.,True,Approved
66772d17,TSK-PRJ-029-018,EMP-0068,2026-03-09,4,Rise national sit visit spend.,False,Approved
51fa13fb,TSK-PRJ-029-018,EMP-0068,2026-01-22,2,New eye eye after industry development.,False,Approved
5569b6bf,TSK-PRJ-035-020,EMP-0106,2024-02-20,1,Catch sea building.,True,Approved
733f520b,TSK-PRJ-035-020,EMP-0106,2024-03-04,2,Argue clearly pressure throw decade against.,False,Approved
3727a3a7,TSK-PRJ-035-020,EMP-0106,2024-03-08,4,Rather be culture.,True,Approved
9b4dfd7a,TSK-PRJ-006-015,EMP-0173,2025-06-16,2,Others turn little garden hold system.,True,Approved
3fe1f0b0,TSK-PRJ-024-024,EMP-0209,2026-02-21,1,High decide industry.,True,Approved
32b5a6a4,TSK-PRJ-024-024,EMP-0209,2026-02-20,8,Recently positive have who apply.,True,Approved
74972cb5,TSK-PRJ-006-030,EMP-0040,2026-01-30,4,West you paper source prevent popular.,False,Approved
45748eed,TSK-PRJ-034-007,EMP-0113,2023-12-22,4,Him design bag instead finish single.,False,Approved
d665716f,TSK-PRJ-034-007,EMP-0113,2023-12-21,8,Figure enough agency clear relate third.,True,Approved
8f503719,TSK-PRJ-034-007,EMP-0113,2023-12-25,4,Catch subject land number what dog.,True,Approved
c43b7783,TSK-PRJ-034-007,EMP-0113,2023-12-28,1,Minute subject page on owner account.,True,Approved
9099b032,TSK-PRJ-034-007,EMP-0113,2023-12-30,1,Would father much.,True,Approved
bef256f0,TSK-PRJ-040-002,EMP-0051,2025-12-23,8,Experience apply example fact letter control.,False,Approved
4cd71602,TSK-PRJ-044-011,EMP-0074,2025-01-24,4,Gas character night as.,True,Approved
a633e9b4,TSK-PRJ-044-011,EMP-0074,2025-02-07,1,Near everyone area fish.,False,Approved
9c674954,TSK-PRJ-003-013,EMP-0024,2023-04-04,2,Use high account.,True,Approved
8f10dfc8,TSK-PRJ-003-013,EMP-0024,2023-04-06,8,Direction including wear.,True,Approved
e7706bb6,TSK-PRJ-003-013,EMP-0024,2023-04-07,1,Nice position movement.,True,Approved
b8365905,TSK-PRJ-029-009,EMP-0004,2026-08-28,8,Group blood office public democratic sort.,True,Approved
64c8d979,TSK-PRJ-029-009,EMP-0004,2026-08-28,1,Study us yourself long sign.,True,Approved
d0814483,TSK-PRJ-045-002,EMP-0047,2026-01-13,2,Begin word sing attack.,True,Approved
bb2a94b4,TSK-PRJ-045-002,EMP-0047,2026-01-08,1,Same surface in identify discussion.,False,Approved
3527390c,TSK-PRJ-045-002,EMP-0047,2026-01-06,2,Budget action cup season improve field.,True,Approved
4d9bd40d,TSK-PRJ-045-002,EMP-0047,2026-01-13,1,Particular I hand.,True,Approved
73d7966b,TSK-PRJ-045-002,EMP-0047,2026-01-14,4,Sing different father.,False,Approved
f73f3547,TSK-PRJ-031-013,EMP-0244,2025-05-17,2,Power expert car present herself answer.,False,Approved
13859066,TSK-PRJ-031-013,EMP-0244,2025-05-14,2,Tell past to truth.,False,Approved
06088628,TSK-PRJ-031-013,EMP-0244,2025-05-09,4,Clear affect early history ago plan.,True,Approved
6b3441f7,TSK-PRJ-001-004,EMP-0096,2026-03-05,4,Always until over theory could size.,False,Approved
03bb924b,TSK-PRJ-001-004,EMP-0096,2026-03-04,8,Throughout but finish lay.,True,Approved
cd30a6e4,TSK-PRJ-001-004,EMP-0096,2026-03-07,2,Left military wish.,False,Approved
7af9d8e1,TSK-PRJ-042-001,EMP-0056,2026-02-21,1,Sport rock success sea culture.,True,Approved
54275d70,TSK-PRJ-042-001,EMP-0056,2026-02-22,4,Voice past toward after necessary.,False,Approved
64cc0731,TSK-PRJ-042-001,EMP-0056,2026-02-23,4,Base than response war this.,True,Approved
c575e00a,TSK-PRJ-042-004,EMP-0088,2028-02-22,4,Apply increase assume degree movement.,False,Approved
e0cf8211,TSK-PRJ-042-004,EMP-0088,2028-02-12,1,Thousand property point happy cell eight.,True,Approved
e5c1fc06,TSK-PRJ-045-017,EMP-0029,2025-11-05,1,Example security camera probably article.,True,Approved
694ee99f,TSK-PRJ-045-017,EMP-0029,2025-11-06,2,Push itself few appear their.,True,Approved
fc549e41,TSK-PRJ-045-017,EMP-0029,2025-11-06,8,Together boy feel decision free deep.,True,Approved
a12cd3bb,TSK-PRJ-043-007,EMP-0095,2027-08-14,2,By world property institution security.,True,Approved
82dce6a7,TSK-PRJ-050-008,EMP-0008,2026-04-11,4,Structure easy whatever.,True,Approved
7461fd48,TSK-PRJ-034-012,EMP-0195,2023-09-27,4,Suggest each share simple leg.,True,Approved
de93d448,TSK-PRJ-048-008,EMP-0070,2026-01-21,1,Adult recognize movie why prove.,False,Approved
ef0b9584,TSK-PRJ-048-008,EMP-0070,2026-01-10,4,Shoulder individual goal capital husband.,True,Approved
6e4618dc,TSK-PRJ-048-008,EMP-0070,2026-01-09,1,Believe water reveal.,True,Approved
a3a11c54,TSK-PRJ-048-008,EMP-0070,2026-02-14,4,Choose draw ability budget movement.,False,Approved
c389dfbd,TSK-PRJ-048-008,EMP-0070,2026-01-26,8,Site even street campaign administration fly.,True,Approved
fd650ec7,TSK-PRJ-033-009,EMP-0150,2025-04-06,4,Sister rule decision offer.,False,Approved
78e05b64,TSK-PRJ-033-009,EMP-0150,2025-04-06,1,Market address system range ok support.,True,Approved
bb2bb1a6,TSK-PRJ-039-029,EMP-0070,2025-10-12,2,Decide control performance they central throw race.,True,Approved
f0793a49,TSK-PRJ-039-029,EMP-0070,2025-11-26,1,Standard thousand feeling marriage his.,True,Approved
8bde992a,TSK-PRJ-020-011,EMP-0171,2024-06-27,4,Strong special organization own.,True,Approved
940eeb4e,TSK-PRJ-020-011,EMP-0171,2024-06-26,8,Bag much meet seven natural.,False,Approved
e174cf4a,TSK-PRJ-021-006,EMP-0039,2026-08-05,2,Vote address suffer future conference than.,False,Approved
84b7f9c5,TSK-PRJ-021-006,EMP-0039,2026-08-03,4,Activity take night none.,False,Approved
db71ec89,TSK-PRJ-021-006,EMP-0039,2026-07-20,8,Factor sense play rule strategy send.,True,Approved
ab582f1a,TSK-PRJ-021-006,EMP-0039,2026-07-18,2,Quickly help life time treatment.,True,Approved
cea6d6c3,TSK-PRJ-021-006,EMP-0039,2026-07-28,8,Language minute state apply often that.,False,Approved
e2d57442,TSK-PRJ-043-001,EMP-0110,2025-08-16,8,Animal hundred thus.,True,Approved
499b8946,TSK-PRJ-043-001,EMP-0110,2025-08-15,2,Ok plan stay try.,False,Approved
30ad3bfa,TSK-PRJ-043-001,EMP-0110,2025-08-18,2,Cold chance pick effort to especially.,True,Approved
92fbf84f,TSK-PRJ-026-007,EMP-0064,2025-11-24,4,Ball must person pull building Congress.,True,Approved
e8e77d1e,TSK-PRJ-026-007,EMP-0064,2025-11-23,4,Particular wife author house.,True,Approved
e4a93588,TSK-PRJ-026-007,EMP-0064,2025-11-25,4,Bar police word indeed inside.,True,Approved
7d1c5b77,TSK-PRJ-019-003,EMP-0130,2026-11-14,1,Detail consumer game happen write religious.,True,Approved
af47ff2f,TSK-PRJ-019-003,EMP-0130,2026-11-16,8,Activity accept say bag.,True,Approved
173031d4,TSK-PRJ-019-003,EMP-0130,2026-11-24,2,Citizen notice another stuff manage.,False,Approved
e053deae,TSK-PRJ-019-003,EMP-0130,2026-11-04,2,Represent environmental we near agency.,True,Approved
a9d7567d,TSK-PRJ-006-021,EMP-0074,2025-04-30,8,Benefit make defense surface.,False,Approved
408bd3a6,TSK-PRJ-019-025,EMP-0099,2027-02-05,4,Listen although answer hour.,True,Approved
3ca54f38,TSK-PRJ-019-025,EMP-0099,2027-02-11,4,Traditional more those clearly eight myself.,True,Approved
ce6aecd6,TSK-PRJ-011-020,EMP-0116,2024-09-22,8,Agent produce likely special story result.,True,Approved
74c2fb47,TSK-PRJ-011-020,EMP-0116,2024-10-26,1,Same should even.,True,Approved
bd7dabed,TSK-PRJ-011-020,EMP-0116,2024-10-21,4,Much have series last again.,True,Approved
6601cfcd,TSK-PRJ-011-020,EMP-0116,2024-10-01,1,Leave rock plan seek TV should use.,False,Approved
d17eb5d7,TSK-PRJ-036-025,EMP-0026,2023-11-21,2,Set respond once personal score walk.,True,Approved
da651914,TSK-PRJ-036-025,EMP-0026,2023-11-24,4,Fire describe amount above firm.,False,Approved
3647d396,TSK-PRJ-036-025,EMP-0026,2023-11-22,1,Enough stand company.,False,Approved
06012881,TSK-PRJ-036-025,EMP-0026,2023-11-23,4,Hotel shoulder glass.,True,Approved
cffc019f,TSK-PRJ-036-025,EMP-0026,2023-11-22,4,Its fact represent way decision cause.,True,Approved
da90e6e4,TSK-PRJ-006-012,EMP-0002,2025-09-26,1,Star play apply.,False,Approved
81c7f30b,TSK-PRJ-006-012,EMP-0002,2025-09-26,2,Bed soon compare home.,False,Approved
dd965722,TSK-PRJ-006-012,EMP-0002,2025-09-26,4,Name trade situation.,False,Approved
8daaf308,TSK-PRJ-006-012,EMP-0002,2025-09-26,1,Movement reality require.,False,Approved
5e09ae28,TSK-PRJ-035-019,EMP-0166,2025-02-27,8,Again fight they art word race.,True,Approved
17bed924,TSK-PRJ-035-019,EMP-0166,2025-04-06,8,Card blood identify.,True,Approved
e66554b1,TSK-PRJ-035-019,EMP-0166,2025-03-02,4,Who surface the.,True,Approved
3ba484a9,TSK-PRJ-035-019,EMP-0166,2025-04-01,1,Campaign free usually low stock.,True,Approved
73b647b6,TSK-PRJ-035-019,EMP-0166,2025-04-04,4,Very move moment.,True,Approved
fdfa2bea,TSK-PRJ-024-020,EMP-0196,2025-12-12,4,Beyond line dog themselves.,False,Approved
8c9c0a38,TSK-PRJ-048-013,EMP-0095,2026-07-07,4,Friend player factor control common least.,True,Approved
91d40d13,TSK-PRJ-030-001,EMP-0065,2026-05-21,1,Response specific determine stop hear hold.,True,Approved
b9a309d4,TSK-PRJ-030-001,EMP-0065,2026-06-15,2,Wind practice prevent science.,True,Approved
b978ad32,TSK-PRJ-030-001,EMP-0065,2026-05-04,2,Think good position.,True,Approved
a56650bf,TSK-PRJ-030-001,EMP-0065,2026-05-05,1,Go yet best.,True,Approved
aadca103,TSK-PRJ-030-001,EMP-0065,2026-06-01,4,Scene cell around film treat character response.,False,Approved
5c84944d,TSK-PRJ-027-007,EMP-0242,2024-06-04,4,With general range teach discover sing.,True,Approved
202e317f,TSK-PRJ-041-011,EMP-0064,2025-12-17,8,Raise training similar its natural shake.,False,Approved
baabed4f,TSK-PRJ-041-011,EMP-0064,2025-12-09,2,Huge product social cover wife.,False,Approved
59f2ac02,TSK-PRJ-031-009,EMP-0121,2025-09-15,8,Police democratic use.,True,Approved
346fea9a,TSK-PRJ-031-009,EMP-0121,2025-09-15,8,Economic itself article you mission.,True,Approved
eb4cab78,TSK-PRJ-031-009,EMP-0121,2025-09-15,2,Expect certain top end.,False,Approved
18268dc6,TSK-PRJ-014-004,EMP-0213,2028-02-04,1,Make face after imagine matter candidate.,True,Approved
3c7b54b8,TSK-PRJ-014-004,EMP-0213,2028-01-29,1,Mission agency rest point.,False,Approved
2b35e0dd,TSK-PRJ-014-004,EMP-0213,2028-02-02,2,Remember American fine enter smile help.,True,Approved
392694c6,TSK-PRJ-013-009,EMP-0088,2025-01-08,8,Technology cost miss.,True,Approved
d764cfba,TSK-PRJ-013-009,EMP-0088,2024-12-24,1,Treatment hotel I entire eight bit.,True,Approved
40975e52,TSK-PRJ-013-009,EMP-0088,2025-01-08,4,Turn life game consider.,False,Approved
9c611ab2,TSK-PRJ-013-009,EMP-0088,2024-12-24,1,Might former several include concern.,True,Approved
1ab432e8,TSK-PRJ-049-005,EMP-0191,2024-08-23,4,He prevent pick father.,True,Approved
b6317b88,TSK-PRJ-049-005,EMP-0191,2024-08-21,2,Street according age south keep raise remember.,True,Approved
4ff9a861,TSK-PRJ-023-017,EMP-0150,2026-11-27,4,Least fear difficult project budget lay.,True,Approved
3c20a3fe,TSK-PRJ-023-017,EMP-0150,2026-11-27,2,Glass experience computer true.,False,Approved
2075d135,TSK-PRJ-023-017,EMP-0150,2026-12-01,2,Step sound must budget.,True,Approved
5d55b647,TSK-PRJ-023-017,EMP-0150,2026-11-25,1,Finally maintain record good.,True,Approved
1944d32d,TSK-PRJ-023-017,EMP-0150,2026-12-14,4,Population official body.,False,Approved
c69fca09,TSK-PRJ-026-002,EMP-0111,2026-03-12,1,Ten nothing produce thought picture.,False,Approved
a6fb7be1,TSK-PRJ-026-002,EMP-0111,2026-03-15,4,Wait finish economy nice.,False,Approved
195b79be,TSK-PRJ-028-009,EMP-0211,2025-10-18,8,Learn available though.,True,Approved
525a4868,TSK-PRJ-032-024,EMP-0177,2026-12-09,2,Positive yet create street above.,True,Approved
48230061,TSK-PRJ-032-024,EMP-0177,2026-12-28,4,Maintain travel education treatment.,True,Approved
cb17cec3,TSK-PRJ-023-005,EMP-0121,2025-09-24,2,Organization civil not and I stock.,True,Approved
4ba06025,TSK-PRJ-023-005,EMP-0121,2025-09-28,1,Choice north let.,False,Approved
6a7cc62b,TSK-PRJ-023-005,EMP-0121,2025-09-27,2,Never whom modern up draw.,False,Approved
fd9df846,TSK-PRJ-048-015,EMP-0158,2026-06-17,1,Analysis actually account often agent.,True,Approved
8d3cf2dc,TSK-PRJ-048-015,EMP-0158,2026-05-22,8,Add recognize a forward crime Mrs.,True,Approved
7aa3d450,TSK-PRJ-048-015,EMP-0158,2026-06-18,1,Civil right suggest choice training your act.,True,Approved
8ada4996,TSK-PRJ-048-015,EMP-0158,2026-05-17,1,Tonight interest scene.,True,Approved
971f0b98,TSK-PRJ-048-015,EMP-0158,2026-05-27,2,Her positive cold hand attorney.,False,Approved
1158d4a4,TSK-PRJ-045-014,EMP-0242,2025-10-15,8,Yeah arrive able single thus lawyer.,True,Approved
2aaa7136,TSK-PRJ-045-014,EMP-0242,2025-10-15,2,Final start choice next describe Mrs.,False,Approved
b417d58b,TSK-PRJ-040-014,EMP-0212,2026-11-02,2,Customer old time star maintain.,True,Approved
59e4cc61,TSK-PRJ-012-008,EMP-0077,2026-08-04,4,Because participant side second vote growth.,True,Approved
d8612dad,TSK-PRJ-012-008,EMP-0077,2026-08-03,8,Throughout power energy.,True,Approved
d0e81399,TSK-PRJ-012-008,EMP-0077,2026-08-04,1,Best itself production ago fly travel.,True,Approved
b2bd4452,TSK-PRJ-012-008,EMP-0077,2026-08-02,1,Only beat rest.,False,Approved
fb0f9f6c,TSK-PRJ-046-010,EMP-0081,2024-06-02,4,Fear investment not physical church among.,True,Approved
820dd115,TSK-PRJ-046-010,EMP-0081,2024-05-30,2,Radio ready ever surface two ball.,True,Approved
f559b947,TSK-PRJ-046-010,EMP-0081,2024-05-20,2,List class evidence.,True,Approved
7bd03a15,TSK-PRJ-046-010,EMP-0081,2024-05-31,8,Only amount analysis than.,True,Approved
c7a4f60a,TSK-PRJ-001-012,EMP-0177,2025-09-19,2,Wife get music against those prevent.,True,Approved
a3429321,TSK-PRJ-001-012,EMP-0177,2025-09-19,4,Green soon ball.,True,Approved
f6e45cdf,TSK-PRJ-001-001,EMP-0089,2026-03-30,2,Land rate price pay form.,False,Approved
800e4caa,TSK-PRJ-001-001,EMP-0089,2026-03-30,8,Reduce natural interesting.,False,Approved
1a9be9eb,TSK-PRJ-001-001,EMP-0089,2026-03-30,1,Reason no campaign decision tax.,False,Approved
9ee4bec1,TSK-PRJ-001-001,EMP-0089,2026-03-30,8,Six question above win.,False,Approved
0a2f6f9b,TSK-PRJ-001-001,EMP-0089,2026-03-30,1,To large catch reason sit.,True,Approved
cf0ebecc,TSK-PRJ-031-010,EMP-0104,2025-06-19,2,Ready today study mouth machine leader.,True,Approved
0dea8fc2,TSK-PRJ-031-010,EMP-0104,2025-06-20,2,Defense keep protect owner war behind.,True,Approved
b7536dc3,TSK-PRJ-031-010,EMP-0104,2025-06-23,1,Economic political film show ball.,True,Approved
c65f10ac,TSK-PRJ-031-010,EMP-0104,2025-06-19,2,Animal child crime.,True,Approved
7a0b29d0,TSK-PRJ-017-001,EMP-0049,2024-09-06,8,Lead Democrat since item new.,True,Approved
8051ecb9,TSK-PRJ-006-026,EMP-0053,2025-04-17,8,Her whatever growth ground catch meeting.,True,Approved
e0760e6a,TSK-PRJ-006-026,EMP-0053,2025-04-16,4,Growth right international his worry may.,True,Approved
4f544959,TSK-PRJ-035-009,EMP-0107,2024-02-19,8,List difference anything compare good if.,True,Approved
3d19656a,TSK-PRJ-048-012,EMP-0139,2026-06-28,4,Know meeting carry enter.,False,Approved
018cb065,TSK-PRJ-048-012,EMP-0139,2026-07-22,1,Stand ready find along.,True,Approved
c3e0edb9,TSK-PRJ-047-019,EMP-0193,2026-03-02,4,Lot into travel possible.,False,Approved
64d6baf7,TSK-PRJ-047-019,EMP-0193,2026-02-22,2,Cup population talk.,False,Approved
536092be,TSK-PRJ-047-019,EMP-0193,2026-02-26,2,Evidence concern modern billion course this.,True,Approved
9db21754,TSK-PRJ-047-019,EMP-0193,2026-03-01,1,Least which left beautiful mind team.,False,Approved
b2778506,TSK-PRJ-047-019,EMP-0193,2026-03-02,1,Family stand here stop nation.,False,Approved
54f38394,TSK-PRJ-014-008,EMP-0030,2028-07-17,1,Choice between election range of even.,True,Approved
f8232f69,TSK-PRJ-014-008,EMP-0030,2028-07-29,4,Simply hospital way mouth.,True,Approved
14dce621,TSK-PRJ-014-008,EMP-0030,2028-07-27,1,Place before two program source.,False,Approved
50feef62,TSK-PRJ-014-008,EMP-0030,2028-08-04,2,Purpose music country smile increase fish.,False,Approved
d6548b90,TSK-PRJ-014-008,EMP-0030,2028-07-20,8,Save policy agree fly professional care.,False,Approved
b268df8b,TSK-PRJ-016-005,EMP-0163,2027-02-12,2,Federal cause physical son sell few.,True,Approved
c3345a6a,TSK-PRJ-016-005,EMP-0163,2027-02-11,4,Interest fly north style policy.,True,Approved
08e4eaed,TSK-PRJ-016-005,EMP-0163,2027-02-12,1,Million late decide sit reason drop.,False,Approved
2bc9e301,TSK-PRJ-016-005,EMP-0163,2027-02-14,2,Share writer foreign response.,True,Approved
b16ad616,TSK-PRJ-016-005,EMP-0163,2027-02-09,2,Argue see eye five matter true.,True,Approved
cf9b1d84,TSK-PRJ-018-017,EMP-0152,2025-04-11,1,Establish debate bill situation others.,False,Approved
22409062,TSK-PRJ-029-013,EMP-0171,2026-09-01,4,Red child between eight total almost.,False,Approved
f658b46a,TSK-PRJ-029-013,EMP-0171,2026-09-01,1,Able place machine discussion father.,True,Approved
6a453893,TSK-PRJ-029-013,EMP-0171,2026-08-28,1,Consider yourself though.,False,Approved
3ee227d0,TSK-PRJ-029-013,EMP-0171,2026-08-30,1,Huge available idea conference source.,True,Approved
cfc077c0,TSK-PRJ-013-017,EMP-0110,2024-12-04,8,Former behind return then.,True,Approved
ba3f4f2c,TSK-PRJ-013-017,EMP-0110,2024-11-15,1,Water take believe candidate.,False,Approved
81e0d564,TSK-PRJ-013-017,EMP-0110,2024-11-11,4,Analysis room some find hair.,False,Approved
c04c5594,TSK-PRJ-036-023,EMP-0181,2023-09-10,1,State yard free.,True,Approved
2b2003fc,TSK-PRJ-036-023,EMP-0181,2023-09-10,8,Along floor right growth.,False,Approved
e5162f4a,TSK-PRJ-036-023,EMP-0181,2023-09-10,8,Which year party.,True,Approved
87e44455,TSK-PRJ-036-023,EMP-0181,2023-09-10,1,Career hair play cultural appear man.,False,Approved
e70f56b0,TSK-PRJ-036-023,EMP-0181,2023-09-10,4,Despite hand group dream.,False,Approved
1034db17,TSK-PRJ-036-013,EMP-0088,2023-10-19,8,Show news third partner sing father.,False,Approved
0ad6ff55,TSK-PRJ-015-008,EMP-0183,2026-01-10,2,Them respond major.,False,Approved
d745e51e,TSK-PRJ-015-008,EMP-0183,2026-01-14,1,Traditional about perhaps same.,True,Approved
003f83ee,TSK-PRJ-015-008,EMP-0183,2025-12-25,8,Purpose act edge this have bill.,True,Approved
69915cb1,TSK-PRJ-030-007,EMP-0197,2026-08-09,8,Get follow organization partner whom.,True,Approved
88efb0fb,TSK-PRJ-030-007,EMP-0197,2026-08-05,8,Test market smile Republican card.,False,Approved
0ac916a7,TSK-PRJ-030-007,EMP-0197,2026-08-06,8,Drive article dream ask.,True,Approved
6df95944,TSK-PRJ-030-007,EMP-0197,2026-08-05,4,Light suffer school east serve future.,True,Approved
cd8bcc3d,TSK-PRJ-030-007,EMP-0197,2026-08-05,4,Suddenly word chair.,True,Approved
8c2eaa17,TSK-PRJ-042-013,EMP-0186,2027-02-27,8,Board staff describe network quickly.,True,Approved
c57eaf63,TSK-PRJ-042-013,EMP-0186,2027-03-13,1,Player upon fear.,True,Approved
27fcb080,TSK-PRJ-042-013,EMP-0186,2027-03-18,2,Expert against discuss capital.,False,Approved
18b4d74d,TSK-PRJ-019-007,EMP-0150,2027-10-23,4,Can money page name.,False,Approved
3c5d1007,TSK-PRJ-019-007,EMP-0150,2027-10-22,1,Article only major benefit use.,True,Approved
9aaaa0fc,TSK-PRJ-019-007,EMP-0150,2027-10-14,8,Win bring wait young contain.,False,Approved
84fa62f1,TSK-PRJ-042-020,EMP-0008,2026-06-07,2,Impact major heart argue.,True,Approved
dc44c0c9,TSK-PRJ-042-020,EMP-0008,2026-07-02,8,Than learn value democratic attorney every.,True,Approved
0a2c9d86,TSK-PRJ-035-018,EMP-0128,2024-06-09,1,Approach early upon heavy can way.,False,Approved
6c4e7144,TSK-PRJ-035-018,EMP-0128,2024-06-02,8,Style clearly attention second trial cup.,True,Approved
523d83f9,TSK-PRJ-035-018,EMP-0128,2024-06-09,2,Protect occur remain ten crime risk.,True,Approved
f243a275,TSK-PRJ-049-002,EMP-0184,2025-04-25,2,Choose evidence coach civil control civil.,True,Approved
85a4aa43,TSK-PRJ-049-002,EMP-0184,2025-05-29,4,Culture voice foot.,True,Approved
fe906f50,TSK-PRJ-050-002,EMP-0096,2026-05-13,1,His magazine agree.,False,Approved
eb5be399,TSK-PRJ-035-014,EMP-0226,2025-07-26,4,There reach your.,True,Approved
56a0faa5,TSK-PRJ-035-014,EMP-0226,2025-07-24,1,Control would edge hard.,False,Approved
aa53df33,TSK-PRJ-035-014,EMP-0226,2025-07-25,1,Determine relationship toward recently give evidence.,False,Approved
b10a8ef0,TSK-PRJ-006-009,EMP-0220,2025-07-10,8,Cultural west everything good.,False,Approved
d1a9f011,TSK-PRJ-006-009,EMP-0220,2025-07-11,1,Debate mission meet wall.,True,Approved
bb3abc80,TSK-PRJ-050-003,EMP-0045,2024-06-26,1,Against drug allow police environmental no.,False,Approved
823e8c38,TSK-PRJ-050-003,EMP-0045,2024-06-26,2,Generation training can consider.,True,Approved
01258079,TSK-PRJ-050-003,EMP-0045,2024-06-24,2,Instead thousand newspaper owner field stay.,True,Approved
7764935e,TSK-PRJ-050-003,EMP-0045,2024-06-26,4,Send collection people especially economic happen position.,True,Approved
c5674ce8,TSK-PRJ-050-003,EMP-0045,2024-06-26,2,Number professor cause such ten.,True,Approved
553b8904,TSK-PRJ-019-001,EMP-0119,2026-01-26,2,Quality hard soon.,False,Approved
cbc57540,TSK-PRJ-029-015,EMP-0028,2026-10-19,2,Second artist seek.,True,Approved
2d8d6e9b,TSK-PRJ-016-003,EMP-0078,2027-07-21,2,Without central process knowledge.,False,Approved
c9342209,TSK-PRJ-016-003,EMP-0078,2027-08-03,2,Still wear school nothing few along.,True,Approved
2ba78ca2,TSK-PRJ-016-003,EMP-0078,2027-07-17,8,Success foot cup resource.,True,Approved
d9b04539,TSK-PRJ-016-003,EMP-0078,2027-07-13,8,Cell impact attack write.,True,Approved
aa6eabc0,TSK-PRJ-016-003,EMP-0078,2027-07-20,2,Long generation threat represent.,True,Approved
9bd38b65,TSK-PRJ-004-005,EMP-0181,2024-12-04,1,Friend successful in.,True,Approved
9e7d146b,TSK-PRJ-004-005,EMP-0181,2024-12-04,4,Drive whose back would clear.,False,Approved
c5761389,TSK-PRJ-004-005,EMP-0181,2024-12-05,1,Every know just less itself.,True,Approved
4a5c5b78,TSK-PRJ-004-005,EMP-0181,2024-12-05,1,Clear including view do.,True,Approved
07a84413,TSK-PRJ-004-005,EMP-0181,2024-12-05,1,Model same rule run board.,True,Approved
4a3d0480,TSK-PRJ-019-006,EMP-0129,2026-07-03,8,Sign head paper father can both.,True,Approved
961f1a0f,TSK-PRJ-019-006,EMP-0129,2026-07-13,2,Agent eight attorney.,False,Approved
b91ce27e,TSK-PRJ-019-006,EMP-0129,2026-06-21,4,Keep recognize reach.,True,Approved
eae24ab9,TSK-PRJ-019-006,EMP-0129,2026-07-24,1,Common air nothing debate require increase.,True,Approved
15e9c8ff,TSK-PRJ-025-013,EMP-0120,2026-11-07,2,Available learn provide.,True,Approved
34fa4d14,TSK-PRJ-025-013,EMP-0120,2026-11-07,4,Ahead girl skill.,False,Approved
ba5a46ff,TSK-PRJ-025-013,EMP-0120,2026-11-07,1,Message near although indeed side know.,True,Approved
1da29b57,TSK-PRJ-025-013,EMP-0120,2026-11-07,2,Break mission generation author.,True,Approved
1ed53091,TSK-PRJ-036-014,EMP-0082,2023-11-09,2,Rest use listen rate.,False,Approved
8a35c680,TSK-PRJ-036-014,EMP-0082,2023-11-05,2,Boy who business bad remember.,True,Approved
d8980053,TSK-PRJ-010-012,EMP-0109,2025-07-12,1,Eight seem pattern.,True,Approved
1ae3cd8d,TSK-PRJ-010-012,EMP-0109,2025-07-12,2,White action effort recently material.,True,Approved
d96f8d49,TSK-PRJ-010-012,EMP-0109,2025-07-12,4,Market material avoid.,True,Approved
52688b18,TSK-PRJ-010-012,EMP-0109,2025-07-12,2,Nation write fly.,True,Approved
8c7dbcfa,TSK-PRJ-010-012,EMP-0109,2025-07-12,2,Join social science investment or fish.,True,Approved
09fa5766,TSK-PRJ-004-001,EMP-0065,2024-06-12,4,Public two old.,True,Approved
df1730d0,TSK-PRJ-032-020,EMP-0232,2027-08-24,8,Work want relate especially arrive specific.,True,Approved
b8068204,TSK-PRJ-032-020,EMP-0232,2027-10-15,1,Later religious yes onto product suddenly.,True,Approved
db8d00d0,TSK-PRJ-032-020,EMP-0232,2027-08-13,2,Run friend option tough.,True,Approved
a2cbd5b7,TSK-PRJ-032-020,EMP-0232,2027-08-07,1,Fear former analysis if.,True,Approved
3e2b58d9,TSK-PRJ-029-003,EMP-0112,2026-04-08,1,View item organization hour join everything.,True,Approved
559306bb,TSK-PRJ-029-003,EMP-0112,2026-03-30,2,Weight commercial policy.,True,Approved
25fe6e7b,TSK-PRJ-029-003,EMP-0112,2026-04-02,1,Country save manage marriage.,True,Approved
749cbf46,TSK-PRJ-013-025,EMP-0104,2025-01-23,4,Medical activity able reality care.,True,Approved
391c3290,TSK-PRJ-013-025,EMP-0104,2025-01-20,2,Bar reason though course seven.,True,Approved
0e04e8a2,TSK-PRJ-013-025,EMP-0104,2025-01-22,8,Congress eat it base report poor.,True,Approved
f97f12be,TSK-PRJ-043-020,EMP-0138,2028-01-08,4,Operation whose safe.,True,Approved
d7b8470f,TSK-PRJ-012-024,EMP-0106,2026-12-14,4,Around radio trouble industry only.,True,Approved
d9d1b04c,TSK-PRJ-012-024,EMP-0106,2026-12-16,4,Never ability dream.,True,Approved
a885a123,TSK-PRJ-050-016,EMP-0182,2025-03-04,4,Hospital low serious again more direction.,False,Approved
98747a5c,TSK-PRJ-023-018,EMP-0088,2026-11-26,8,Analysis hospital identify young into.,True,Approved
0511a147,TSK-PRJ-023-018,EMP-0088,2026-12-24,1,Population possible fund TV quickly apply.,True,Approved
9f34b6e7,TSK-PRJ-034-016,EMP-0239,2023-08-25,4,Guess reality opportunity measure.,False,Approved
f69f954d,TSK-PRJ-034-016,EMP-0239,2023-08-23,2,Through up find back off.,True,Approved
20763fc9,TSK-PRJ-036-008,EMP-0084,2023-09-06,1,Deep assume answer actually.,True,Approved
f3d8dee6,TSK-PRJ-036-008,EMP-0084,2023-09-06,4,Particular amount human ok several measure.,True,Approved
9c7e1575,TSK-PRJ-036-008,EMP-0084,2023-09-09,1,Decision management enjoy add care watch.,False,Approved
d561d044,TSK-PRJ-035-006,EMP-0193,2026-02-22,8,Wind short itself.,True,Approved
b16f00a8,TSK-PRJ-035-016,EMP-0200,2024-03-18,1,Everything stay fund.,False,Approved
551874a3,TSK-PRJ-035-016,EMP-0200,2024-03-05,1,Great vote teacher throw per.,False,Approved
d2c006cd,TSK-PRJ-035-016,EMP-0200,2024-02-20,4,Hour trade water arrive interesting fact.,True,Approved
e1ead32f,TSK-PRJ-035-016,EMP-0200,2024-03-27,2,Line happen data some wall.,True,Approved
b2df6add,TSK-PRJ-018-012,EMP-0181,2025-08-05,1,Expect out carry ability bit arm.,True,Approved
b717cb51,TSK-PRJ-018-012,EMP-0181,2025-08-16,8,Debate music task.,False,Approved
24afc1a0,TSK-PRJ-028-011,EMP-0023,2025-01-30,4,Me suggest either.,False,Approved
02770d60,TSK-PRJ-028-011,EMP-0023,2025-01-29,1,Rate agency less major minute southern.,False,Approved
6609b9a1,TSK-PRJ-033-010,EMP-0175,2024-12-19,1,None material how.,True,Approved
0c482a02,TSK-PRJ-033-010,EMP-0175,2024-12-19,4,Development operation seat relationship.,True,Approved
f5677d93,TSK-PRJ-033-010,EMP-0175,2024-12-19,8,By college letter.,False,Approved
04c684da,TSK-PRJ-033-010,EMP-0175,2024-12-19,2,Environmental possible tax also right.,False,Approved
85f1ef1d,TSK-PRJ-033-010,EMP-0175,2024-12-19,2,Surface include return once.,True,Approved
512b171b,TSK-PRJ-041-014,EMP-0080,2026-10-20,8,Must space tough them person.,True,Approved
95c1f578,TSK-PRJ-041-014,EMP-0080,2026-10-21,4,Without good theory white mother.,True,Approved
8e740bbc,TSK-PRJ-041-014,EMP-0080,2026-10-21,1,Improve size field effort rule.,True,Approved
70f05755,TSK-PRJ-041-014,EMP-0080,2026-10-21,8,Help popular already wide.,True,Approved
56e63c79,TSK-PRJ-041-014,EMP-0080,2026-10-19,8,Sing life fill hot.,True,Approved
37c2dcd6,TSK-PRJ-046-018,EMP-0072,2024-11-17,1,Conference occur actually experience.,True,Approved
89873a80,TSK-PRJ-046-018,EMP-0072,2024-11-19,8,Church dark human wear bad.,True,Approved
f5b98bb5,TSK-PRJ-046-018,EMP-0072,2024-11-16,1,Born sport man same.,False,Approved
0b524ec6,TSK-PRJ-034-021,EMP-0243,2024-05-19,2,After watch interview.,False,Approved
721e97b8,TSK-PRJ-034-021,EMP-0243,2024-05-09,2,Question relationship can hard instead need.,False,Approved
402395b4,TSK-PRJ-034-021,EMP-0243,2024-05-04,2,Physical feel far.,True,Approved
e19b1158,TSK-PRJ-034-021,EMP-0243,2024-05-10,4,Nearly create third cup effect woman.,True,Approved
85eecded,TSK-PRJ-043-015,EMP-0060,2028-08-27,4,Your family most.,False,Approved
67888389,TSK-PRJ-043-015,EMP-0060,2028-08-19,1,Write consumer new throughout tend.,True,Approved
05ac3f00,TSK-PRJ-043-015,EMP-0060,2028-08-26,4,Admit throughout something bit amount factor.,False,Approved
6cc1afc2,TSK-PRJ-043-015,EMP-0060,2028-08-30,8,Away artist represent.,True,Approved
f61e1fc5,TSK-PRJ-012-023,EMP-0144,2025-04-24,1,Upon everyone five conference.,False,Approved
a545a52f,TSK-PRJ-048-001,EMP-0136,2027-12-31,2,Get send meet current.,False,Approved
4de7e0cc,TSK-PRJ-048-001,EMP-0136,2027-12-31,8,Sell remain certain glass leader trip.,False,Approved
0bbb1af0,TSK-PRJ-048-001,EMP-0136,2027-12-30,4,Organization step arrive represent.,False,Approved
727e2c02,TSK-PRJ-048-001,EMP-0136,2027-12-30,4,Test free alone fly will.,True,Approved
d9acea9f,TSK-PRJ-048-001,EMP-0136,2027-12-30,1,Throughout himself arrive detail teach decade young.,True,Approved
40d1fc87,TSK-PRJ-038-020,EMP-0077,2027-07-22,1,Exactly yet share behavior its difference.,False,Approved
107bde00,TSK-PRJ-038-004,EMP-0080,2027-09-28,2,Meet show somebody choose.,True,Approved
4d3e6f13,TSK-PRJ-038-004,EMP-0080,2027-09-27,4,Garden kitchen class last gun many.,True,Approved
117d1aad,TSK-PRJ-038-004,EMP-0080,2027-09-25,4,That hospital bag prove.,False,Approved
4e7ba20c,TSK-PRJ-047-017,EMP-0211,2026-06-26,2,Together art stay.,True,Approved
ad35d894,TSK-PRJ-047-017,EMP-0211,2026-06-24,8,So toward quality until pressure interview.,False,Approved
a0391831,TSK-PRJ-005-013,EMP-0246,2024-10-10,4,Listen long foreign a difference voice.,True,Approved
5834732e,TSK-PRJ-005-013,EMP-0246,2024-11-12,1,Though later probably.,True,Approved
a5c20bdc,TSK-PRJ-005-013,EMP-0246,2024-09-28,2,Industry green spend sign.,True,Approved
3906418e,TSK-PRJ-002-018,EMP-0145,2023-12-09,4,Long home lawyer seven game.,True,Approved
c771df14,TSK-PRJ-002-018,EMP-0145,2023-12-09,4,Once why series wife.,True,Approved
9ec3c5d4,TSK-PRJ-002-018,EMP-0145,2023-12-07,4,Forget human fear voice Congress.,False,Approved
7023028e,TSK-PRJ-028-002,EMP-0233,2024-11-11,4,Forward those manager.,False,Approved
b56d9e50,TSK-PRJ-028-002,EMP-0233,2024-11-19,1,Particular without remain whom.,False,Approved
a7b1e576,TSK-PRJ-028-002,EMP-0233,2024-11-11,4,His reality parent strong artist.,False,Approved
e79a71c2,TSK-PRJ-028-002,EMP-0233,2024-11-15,2,Term mind artist.,True,Approved
3bbc6600,TSK-PRJ-028-002,EMP-0233,2024-11-18,2,Prepare possible entire agency.,True,Approved
7755807b,TSK-PRJ-037-010,EMP-0003,2026-02-14,4,Near financial their computer.,True,Approved
e5a1ba57,TSK-PRJ-037-010,EMP-0003,2026-02-10,2,Star movie account recognize.,False,Approved
b958d682,TSK-PRJ-037-010,EMP-0003,2026-02-13,4,Per whatever player another Republican hundred thousand.,True,Approved
7cd5f6c1,TSK-PRJ-037-010,EMP-0003,2026-02-10,2,Film source billion go.,True,Approved
